#
# A fatal error has been detected by the Java Runtime Environment:
#
#  SIGSEGV (0xb) at pc=0x00000000000020a6, pid=50, tid=83
#
# JRE version: OpenJDK Runtime Environment Temurin-25.0.3+9 (25.0.3+9) (build 25.0.3+9-LTS)
# Java VM: OpenJDK 64-Bit Server VM Temurin-25.0.3+9 (25.0.3+9-LTS, mixed mode, sharing, tiered, compressed oops, compressed class ptrs, g1 gc, linux-amd64)
# Problematic frame:
# 
[error occurred during error reporting (printing problematic frame), id 0xb, SIGSEGV (0xb) at pc=0x00007f689ad83d7e]
# Core dump will be written. Default location: Determined by the following: "/usr/share/apport/apport -p%p -s%s -c%c -d%d -P%P -u%u -g%g -F%F -- %E" (alternatively, falling back to /home/abhimanyu/Trikrypta/VocoNexus/core.50)
#
# If you would like to submit a bug report, please visit:
#   https://github.com/adoptium/adoptium-support/issues
# The crash happened outside the Java Virtual Machine in native code.
# See problematic frame for where to report the bug.
#

---------------  S U M M A R Y ------------

Command Line: --add-opens=java.base/java.lang=ALL-UNNAMED --add-opens=java.base/java.lang.invoke=ALL-UNNAMED --add-opens=java.base/java.util=ALL-UNNAMED --add-opens=java.prefs/java.util.prefs=ALL-UNNAMED --add-exports=jdk.compiler/com.sun.tools.javac.api=ALL-UNNAMED --add-exports=jdk.compiler/com.sun.tools.javac.util=ALL-UNNAMED --add-opens=java.base/java.nio.charset=ALL-UNNAMED --add-opens=java.base/java.net=ALL-UNNAMED --add-opens=java.base/java.util.concurrent=ALL-UNNAMED --add-opens=java.base/java.util.concurrent.atomic=ALL-UNNAMED --add-opens=java.xml/javax.xml.namespace=ALL-UNNAMED --add-opens=java.base/java.time=ALL-UNNAMED --enable-native-access=ALL-UNNAMED -Xmx2048m -Dfile.encoding=UTF-8 -Duser.country=IN -Duser.language=en -Duser.variant -javaagent:/home/abhimanyu/Trikrypta/VocoNexus/.gradle-home/wrapper/dists/gradle-9.5.0-bin/bvnork1r7n8i6kp5cnkibsc9q/gradle-9.5.0/lib/agents/gradle-instrumentation-agent-9.5.0.jar org.gradle.launcher.daemon.bootstrap.GradleDaemon 9.5.0

Host: 12th Gen Intel(R) Core(TM) i5-12450H, 12 cores, 15G, Pop!_OS 24.04 LTS
Time: Fri Aug 21 22:12:49 2026 IST elapsed time: 250.746512 seconds (0d 0h 4m 10s)

---------------  T H R E A D  ---------------

Current thread (0x00007f6895a2eb60):  JavaThread "Daemon periodic checks"        [_thread_in_native, id=83, stack(0x00007f6868900000,0x00007f6868a00000) (1024K)]

Stack: [0x00007f6868900000,0x00007f6868a00000],  sp=0x00007f68689fd550,  free space=1013k
Native frames: (J=compiled Java code, j=interpreted, Vv=VM code, C=native code)

[error occurred during error reporting (printing native stack (with source info)), id 0xb, SIGSEGV (0xb) at pc=0x00007f689ad83d7e]

Retrying call stack printing without source information...

[error occurred during error reporting (retry printing native stack (no source info)), id 0xb, SIGSEGV (0xb) at pc=0x00007f689ad8d811]
Java frames: (J=compiled Java code, j=interpreted, Vv=VM code)
j  net.rubygrapefruit.platform.internal.jni.PosixProcessFunctions.getPid()I+0
j  net.rubygrapefruit.platform.internal.DefaultProcess.getProcessId()I+0
j  net.rubygrapefruit.platform.internal.WrapperProcess.getProcessId()I+4
j  org.gradle.internal.nativeintegration.processenvironment.NativePlatformBackedProcessEnvironment.getPid()Ljava/lang/Long;+4
j  org.gradle.internal.nativeintegration.processenvironment.AbstractProcessEnvironment.maybeGetPid()Ljava/lang/Long;+1
j  org.gradle.cache.internal.DefaultProcessMetaDataProvider.getProcessIdentifier()Ljava/lang/String;+4
j  org.gradle.cache.internal.DefaultFileLockManager$DefaultFileLock.lock(Lorg/gradle/cache/FileLockManager$LockMode;)Lorg/gradle/cache/internal/filelock/LockState;+176
j  org.gradle.cache.internal.DefaultFileLockManager$DefaultFileLock.<init>(Lorg/gradle/cache/internal/DefaultFileLockManager;Ljava/io/File;Lorg/gradle/cache/LockOptions;Ljava/lang/String;Ljava/lang/String;ILjava/util/function/Consumer;)V+242
j  org.gradle.cache.internal.DefaultFileLockManager.acquireFileLock(Ljava/io/File;Lorg/gradle/cache/LockOptions;Ljava/lang/String;Ljava/lang/String;ILjava/util/function/Consumer;)Lorg/gradle/cache/internal/DefaultFileLockManager$DefaultFileLock;+73
j  org.gradle.cache.internal.DefaultFileLockManager.lock(Ljava/io/File;Lorg/gradle/cache/LockOptions;Ljava/lang/String;Ljava/lang/String;Ljava/util/function/Consumer;)Lorg/gradle/cache/FileLock;+108
j  org.gradle.cache.internal.DefaultFileLockManager.lock(Ljava/io/File;Lorg/gradle/cache/LockOptions;Ljava/lang/String;Ljava/lang/String;)Lorg/gradle/cache/FileLock;+7
j  org.gradle.cache.internal.DefaultFileLockManager.lock(Ljava/io/File;Lorg/gradle/cache/LockOptions;Ljava/lang/String;)Lorg/gradle/cache/FileLock;+6
j  org.gradle.cache.internal.OnDemandFileAccess.updateFile(Ljava/lang/Runnable;)V+18
j  org.gradle.cache.internal.FileBackedObjectHolder.update(Lorg/gradle/cache/ObjectHolder$UpdateAction;)Ljava/lang/Object;+15
j  org.gradle.cache.internal.FileIntegrityViolationSuppressingObjectHolderDecorator.lambda$update$0(Lorg/gradle/cache/ObjectHolder$UpdateAction;)Ljava/lang/Object;+5
j  org.gradle.cache.internal.FileIntegrityViolationSuppressingObjectHolderDecorator$$Lambda+0x000000002f133b60.get()Ljava/lang/Object;+8
j  org.gradle.cache.internal.FileIntegrityViolationSuppressingObjectHolderDecorator.doUpdate(Lorg/gradle/cache/ObjectHolder$UpdateAction;Ljava/util/function/Supplier;)Ljava/lang/Object;+1
j  org.gradle.cache.internal.FileIntegrityViolationSuppressingObjectHolderDecorator.update(Lorg/gradle/cache/ObjectHolder$UpdateAction;)Ljava/lang/Object;+9
j  org.gradle.launcher.daemon.registry.PersistentDaemonRegistry.storeStopEvent(Lorg/gradle/launcher/daemon/registry/DaemonStopEvent;)V+42
j  org.gradle.launcher.daemon.server.DaemonRegistryUpdater.onExpire(Ljava/lang/String;Lorg/gradle/launcher/daemon/server/expiry/DaemonExpirationStatus;)V+45
j  org.gradle.launcher.daemon.server.Daemon$DefaultDaemonExpirationListener.onExpirationEvent(Lorg/gradle/launcher/daemon/server/expiry/DaemonExpirationResult;)V+28
J 5768 c1 java.lang.invoke.LambdaForm$DMH+0x000000002f070000.invokeInterface(Ljava/lang/Object;Ljava/lang/Object;Ljava/lang/Object;)V java.base@25.0.3 (28 bytes) @ 0x00007f687cb9ebfc [0x00007f687cb9e600+0x00000000000005fc]
J 16448 c1 java.lang.invoke.LambdaForm$MH+0x000000002f0dcc00.invoke(Ljava/lang/Object;Ljava/lang/Object;Ljava/lang/Object;)Ljava/lang/Object; java.base@25.0.3 (57 bytes) @ 0x00007f687d72b1e4 [0x00007f687d72b080+0x0000000000000164]
J 12191 c2 jdk.internal.reflect.DirectMethodHandleAccessor.invoke(Ljava/lang/Object;[Ljava/lang/Object;)Ljava/lang/Object; java.base@25.0.3 (92 bytes) @ 0x00007f6884378e88 [0x00007f6884378b00+0x0000000000000388]
J 7962 c1 org.gradle.internal.dispatch.MethodInvocation.invokeOn(Ljava/lang/Object;)V (40 bytes) @ 0x00007f687c76f02c [0x00007f687c76e600+0x0000000000000a2c]
J 5471 c1 org.gradle.internal.dispatch.ReflectionDispatch.dispatch(Ljava/lang/Object;)V (9 bytes) @ 0x00007f687cb1e92c [0x00007f687cb1e780+0x00000000000001ac]
J 34262 c1 org.gradle.internal.event.DefaultListenerManager$ListenerDetails.dispatch(Lorg/gradle/internal/dispatch/MethodInvocation;)V (67 bytes) @ 0x00007f687e3da00c [0x00007f687e3d9a80+0x000000000000058c]
J 34261 c1 org.gradle.internal.event.DefaultListenerManager$ListenerDetails.dispatch(Ljava/lang/Object;)V (9 bytes) @ 0x00007f687e3dac54 [0x00007f687e3dab00+0x0000000000000154]
J 4945 c1 org.gradle.internal.event.AbstractBroadcastDispatch.dispatch(Lorg/gradle/internal/dispatch/MethodInvocation;Lorg/gradle/internal/dispatch/Dispatch;)V (74 bytes) @ 0x00007f687ca5b4a4 [0x00007f687ca5b380+0x0000000000000124]
J 11244 c1 org.gradle.internal.event.AbstractBroadcastDispatch.dispatch(Lorg/gradle/internal/dispatch/MethodInvocation;Ljava/util/List;)V (65 bytes) @ 0x00007f687d1063a4 [0x00007f687d105f00+0x00000000000004a4]
J 11246 c1 org.gradle.internal.event.DefaultListenerManager$EventBroadcast$ListenerDispatch.dispatch(Lorg/gradle/internal/dispatch/MethodInvocation;)V (46 bytes) @ 0x00007f687d107274 [0x00007f687d107000+0x0000000000000274]
J 11245 c1 org.gradle.internal.event.DefaultListenerManager$EventBroadcast$ListenerDispatch.dispatch(Ljava/lang/Object;)V (9 bytes) @ 0x00007f687d106dd4 [0x00007f687d106c80+0x0000000000000154]
J 15879 c1 org.gradle.internal.dispatch.ProxyDispatchAdapter$DispatchingInvocationHandler.invoke(Ljava/lang/Object;Ljava/lang/reflect/Method;[Ljava/lang/Object;)Ljava/lang/Object; (266 bytes) @ 0x00007f687d66b4f4 [0x00007f687d669300+0x00000000000021f4]
j  jdk.proxy1.$Proxy12.onExpirationEvent(Lorg/gradle/launcher/daemon/server/expiry/DaemonExpirationResult;)V+16 jdk.proxy1
j  org.gradle.launcher.daemon.server.Daemon$DaemonExpirationPeriodicCheck.run()V+35
J 16938 c2 org.gradle.internal.concurrent.ExecutorPolicy$CatchAndRecordFailures.onExecute(Ljava/lang/Runnable;)V (29 bytes) @ 0x00007f688454f944 [0x00007f688454f900+0x0000000000000044]
J 34191 c1 org.gradle.internal.concurrent.AbstractManagedExecutor$1.run()V (57 bytes) @ 0x00007f687e7a793c [0x00007f687e7a7780+0x00000000000001bc]
J 34350 c1 java.util.concurrent.Executors$RunnableAdapter.call()Ljava/lang/Object; java.base@25.0.3 (14 bytes) @ 0x00007f687d9eca14 [0x00007f687d9ec900+0x0000000000000114]
J 34359 c1 java.util.concurrent.FutureTask.runAndReset()Z java.base@25.0.3 (125 bytes) @ 0x00007f687e1e3084 [0x00007f687e1e2700+0x0000000000000984]
J 34360 c1 java.util.concurrent.ScheduledThreadPoolExecutor$ScheduledFutureTask.run()V java.base@25.0.3 (57 bytes) @ 0x00007f687e1e2344 [0x00007f687e1e2180+0x00000000000001c4]
j  java.util.concurrent.ThreadPoolExecutor.runWorker(Ljava/util/concurrent/ThreadPoolExecutor$Worker;)V+92 java.base@25.0.3
j  java.util.concurrent.ThreadPoolExecutor$Worker.run()V+5 java.base@25.0.3
j  java.lang.Thread.runWith(Ljava/lang/Object;Ljava/lang/Runnable;)V+5 java.base@25.0.3
j  java.lang.Thread.run()V+19 java.base@25.0.3
v  ~StubRoutines::call_stub 0x00007f6883936fa6

siginfo: si_signo: 11 (SIGSEGV), si_code: 1 (SEGV_MAPERR), si_addr: 0x00000000000020a6

Registers:
RAX=0x00007f6868c03622, RBX=0x00007f68506b5650, RCX=0x0000000000000020, RDX=0x00007f68506b5a10
RSP=0x00007f68689fd548, RBP=0x00007f68689fd560, RSI=0x00007f68689fd5d0, RDI=0x00007f6895a2f000
R8 =0x0000000000000000, R9 =0x00000000bc7abf90, R10=0x00007f688394301e, R11=0x0000000081235518
R12=0x0000000000000000, R13=0x00007f68506b5650, R14=0x00007f68689fd5d8, R15=0x00007f6895a2eb60
RIP=0x00000000000020a6, EFLAGS=0x0000000000010206, CSGSFS=0x002b000000000033, ERR=0x0000000000000014
  TRAPNO=0x000000000000000e

XMM[0]=0x0000000000000000 0x1960fd45b641bdea
XMM[1]=0x1960fd45b641bdea 0x1914bfb8f8cc1baf
XMM[2]=0x0000000000000000 0x000000001960fd45
XMM[3]=0x0000000000000000 0x000000001914bfb8
XMM[4]=0x0000000000000000 0x0000000000000000
XMM[5]=0x0000000000000000 0x0000000000000000
XMM[6]=0x0000000000000000 0x0000000000000000
XMM[7]=0x65722f302e352e39 0x2f6e6f6d6561642f
XMM[8]=0x000000000000009a 0x023325a00100006d
XMM[9]=0x0000000000000000 0x754b3b1ec277f8d6
XMM[10]=0x0000000000000000 0x000000004d2cbdb8
XMM[11]=0x0000000000000000 0x1a84c7efdcfcc0c5
XMM[12]=0x0000000000000000 0x00000000c277f8d6
XMM[13]=0x0000000000000000 0x00000000de9eb35b
XMM[14]=0x0000000000000000 0xccbead59e1d343ba
XMM[15]=0x0000000000000000 0x0000000000000000
  MXCSR=0x00001fa2


Register to memory mapping:

RAX=
[error occurred during error reporting (printing register info), id 0xb, SIGSEGV (0xb) at pc=0x00007f689ad83d7e]
RBX={method} {0x00007f68506b5650} 'getPid' '()I' in 'net/rubygrapefruit/platform/internal/jni/PosixProcessFunctions'
RCX=0x0000000000000020 is an unknown value
RDX=0x00007f68506b5a10 is pointing into metadata
RSP=0x00007f68689fd548 is pointing into the stack for thread: 0x00007f6895a2eb60
RBP=0x00007f68689fd560 is pointing into the stack for thread: 0x00007f6895a2eb60
RSI=0x00007f68689fd5d0 is pointing into the stack for thread: 0x00007f6895a2eb60
RDI=0x00007f6895a2f000 points into unknown readable memory: 0x00007f689a9729e0 | e0 29 97 9a 68 7f 00 00
R8 =0x0 is null
R9 =0x00000000bc7abf90 is an oop: org.gradle.cache.internal.filelock.FileLockOutcome$3 
{0x00000000bc7abf90} - klass: 'org/gradle/cache/internal/filelock/FileLockOutcome$3' - flags: 

 - ---- fields (total size 2 words):
 - final synthetic 'val$fileLock' 'Ljava/nio/channels/FileLock;' @12  a 'sun/nio/ch/FileLockImpl'{0x00000000bc7abf08} (0xbc7abf08)
R10=0x00007f688394301e is at code_begin+1150 in an Interpreter codelet
native method entry point (kind = native)  [0x00007f6883942ba0, 0x00007f68839436d8]  2872 bytes
R11=0x0000000081235518 is an oop: java.lang.Class 
{0x0000000081235518} - klass: 'java/lang/Class' - flags: 

 - ---- fields (total size 15 words):
 - private volatile transient 'classRedefinedCount' 'I' @12  0 (0x00000000)
 - injected 'klass' 'J' @16  789497600 (0x000000002f0ec700)
 - injected 'array_klass' 'J' @24  0 (0x0000000000000000)
 - injected 'oop_size' 'I' @32  15 (0x0000000f)
 - injected 'static_oop_field_count' 'I' @36  0 (0x00000000)
 - private final transient 'modifiers' 'C' @40    1 (0x0001)
 - private final transient 'primitive' 'Z' @42  false (0x00)
 - private volatile transient 'cachedConstructor' 'Ljava/lang/reflect/Constructor;' @44  null (0x00000000)
 - private transient 'name' 'Ljava/lang/String;' @48  "net.rubygrapefruit.platform.internal.jni.PosixProcessFunctions"{0x0000000081235590} (0x81235590)
 - private transient 'module' 'Ljava/lang/Module;' @52  a 'java/lang/Module'{0x00000000805166f0} (0x805166f0)
 - private final 'classLoader' 'Ljava/lang/ClassLoader;' @56  a 'org/gradle/internal/classloader/VisitableURLClassLoader'{0x0000000080513940} (0x80513940)
 - private transient 'classData' 'Ljava/lang/Object;' @60  null (0x00000000)
 - private transient 'signers' '[Ljava/lang/Object;' @64  null (0x00000000)
 - private transient 'packageName' 'Ljava/lang/String;' @68  "net.rubygrapefruit.platform.internal.jni"{0x0000000080e96c10} (0x80e96c10)
 - private final transient 'componentType' 'Ljava/lang/Class;' @72  null (0x00000000)
 - private final transient 'protectionDomain' 'Ljava/security/ProtectionDomain;' @76  a 'java/security/ProtectionDomain'{0x0000000080b45230} (0x80b45230)
 - private volatile transient 'reflectionData' 'Ljava/lang/ref/SoftReference;' @80  null (0x00000000)
 - private volatile transient 'genericInfo' 'Lsun/reflect/generics/repository/ClassRepository;' @84  null (0x00000000)
 - private volatile transient 'enumConstants' '[Ljava/lang/Object;' @88  null (0x00000000)
 - private volatile transient 'enumConstantDirectory' 'Ljava/util/Map;' @92  null (0x00000000)
 - private volatile transient 'annotationData' 'Ljava/lang/Class$AnnotationData;' @96  null (0x00000000)
 - private volatile transient 'annotationType' 'Lsun/reflect/annotation/AnnotationType;' @100  null (0x00000000)
 - transient 'classValueMap' 'Ljava/lang/ClassValue$ClassValueMap;' @104  null (0x00000000)
 - injected 'source_file' 'Ljava/lang/Object;' @108  null (0x00000000)
 - injected '<init_lock>' 'Ljava/lang/Object;' @112  null (0x00000000)
 - signature: Lnet/rubygrapefruit/platform/internal/jni/PosixProcessFunctions;
 - ---- static fields (0):
R12=0x0 is null
R13={method} {0x00007f68506b5650} 'getPid' '()I' in 'net/rubygrapefruit/platform/internal/jni/PosixProcessFunctions'
R14=0x00007f68689fd5d8 is pointing into the stack for thread: 0x00007f6895a2eb60
R15=0x00007f6895a2eb60 is a thread

Top of Stack: (sp=0x00007f68689fd548)
0x00007f68689fd548:   00007f6868c03637 00007f68689fd5d0   76.hh......hh...
0x00007f68689fd558:   00007f6895a2f000 00007f68689fd5c0   ....h......hh...
0x00007f68689fd568:   00007f6883942f85 00007f685082db88   ./..h......Ph...
0x00007f68689fd578:   fffffffffffffff7 0000000000000000   ................
0x00007f68689fd588:   0000000000000003 00007f68506b5a10   .........ZkPh...
0x00007f68689fd598:   0000000000000000 0000000081235518   .........U#.....
0x00007f68689fd5a8:   00007f68506b5650 0000000000000000   PVkPh...........
0x00007f68689fd5b8:   00007f68689fd5e0 00007f68689fd628   ...hh...(..hh...
0x00007f68689fd5c8:   00007f688393e580 0000000081235518   ....h....U#.....
0x00007f68689fd5d8:   00007f6883940435 fffffffffffffff7   5...h...........
0x00007f68689fd5e8:   00007f68506a7e80 0000000000000002   .~jPh...........
0x00007f68689fd5f8:   00007f68506ac608 0000000000000000   ..jPh...........
0x00007f68689fd608:   00000000812362a0 00007f68506a7ea0   .b#......~jPh...
0x00007f68689fd618:   fffffffffffffff7 00007f68689fd638   ........8..hh...
0x00007f68689fd628:   00007f68689fd688 00007f688393ea7e   ...hh...~...h...
0x00007f68689fd638:   000000008111d1b8 fffffffffffffff7   ................
0x00007f68689fd648:   00007f68506a6b9c 0000000000000002   .kjPh...........
0x00007f68689fd658:   00007f68506a78b8 0000000000000000   .xjPh...........
0x00007f68689fd668:   0000000081236378 00007f68506a6bb8   xc#......kjPh...
0x00007f68689fd678:   fffffffffffffff6 00007f68689fd698   ...........hh...
0x00007f68689fd688:   00007f68689fd6e8 00007f688393ea7e   ...hh...~...h...
0x00007f68689fd698:   000000008111d190 fffffffffffffff7   ................
0x00007f68689fd6a8:   00007f68506acdcc 0000000000000002   ..jPh...........
0x00007f68689fd6b8:   00007f68506ae4d8 0000000000000000   ..jPh...........
0x00007f68689fd6c8:   00000000812360a8 00007f68506acde8   .`#.......jPh...
0x00007f68689fd6d8:   fffffffffffffff6 00007f68689fd6f8   ...........hh...
0x00007f68689fd6e8:   00007f68689fd748 00007f688393e5d2   H..hh.......h...
0x00007f68689fd6f8:   000000008111d168 fffffffffffffff7   h...............
0x00007f68689fd708:   00007f68506adf79 0000000000000002   y.jPh...........
0x00007f68689fd718:   00007f68506ae3c0 0000000000000000   ..jPh...........
0x00007f68689fd728:   00000000812361a8 00007f68506adf90   .a#.......jPh...
0x00007f68689fd738:   fffffffffffffff6 00007f68689fd758   ........X..hh...

Instructions: (pc=0x00007f6868c03637)
  0x00007f6868c03537:   00 48 89 c7 e8 50 ed ff ff b8 00 00 00 00 e9 c2
  0x00007f6868c03547:   00 00 00 48 8b 45 90 48 89 c2 48 8b 8d 50 ff ff
  0x00007f6868c03557:   ff 48 8b 85 48 ff ff ff 48 89 ce 48 89 c7 e8 16
  0x00007f6868c03567:   eb ff ff 89 85 44 ff ff ff 48 8b 85 48 ff ff ff
  0x00007f6868c03577:   48 89 c7 e8 41 ea ff ff 83 bd 44 ff ff ff 00 79
  0x00007f6868c03587:   33 48 8b 85 50 ff ff ff 48 89 c7 e8 29 ea ff ff
  0x00007f6868c03597:   48 8b 95 20 ff ff ff 48 8b 85 38 ff ff ff 48 8d
  0x00007f6868c035a7:   35 7e 10 00 00 48 89 c7 e8 5c ec ff ff b8 00 00
  0x00007f6868c035b7:   00 00 eb 51 48 8b 45 90 48 89 c2 48 8b 85 50 ff
  0x00007f6868c035c7:   ff ff 48 01 d0 c6 00 00 48 8b 95 20 ff ff ff 48
  0x00007f6868c035d7:   8b 8d 50 ff ff ff 48 8b 85 38 ff ff ff 48 89 ce
  0x00007f6868c035e7:   48 89 c7 e8 61 ed ff ff 48 89 85 58 ff ff ff 48
  0x00007f6868c035f7:   8b 85 50 ff ff ff 48 89 c7 e8 bb e9 ff ff 48 8b
  0x00007f6868c03607:   85 58 ff ff ff 48 8b 4d f8 64 48 33 0c 25 28 00
  0x00007f6868c03617:   00 00 74 05 e8 e0 ea ff ff c9 c3 55 48 89 e5 48
  0x00007f6868c03627:   83 ec 10 48 89 7d f8 48 89 75 f0 e8 69 ea ff ff
=>0x00007f6868c03637:   c9 c3 55 48 89 e5 48 83 ec 20 48 89 7d f8 48 89
  0x00007f6868c03647:   75 f0 48 89 55 e8 e8 7e eb ff ff 83 f8 ff 0f 94
  0x00007f6868c03657:   c0 84 c0 74 23 e8 7f e9 ff ff 8b 00 83 f8 01 74
  0x00007f6868c03667:   17 48 8b 55 e8 48 8b 45 f8 48 8d 35 c6 0f 00 00
  0x00007f6868c03677:   48 89 c7 e8 91 eb ff ff 90 c9 c3 55 48 89 e5 48
  0x00007f6868c03687:   83 ec 30 48 89 7d e8 48 89 75 e0 48 89 55 d8 be
  0x00007f6868c03697:   00 00 00 00 bf 00 00 00 00 e8 0b eb ff ff 48 89
  0x00007f6868c036a7:   45 f0 48 83 7d f0 00 75 1e 48 8b 55 d8 48 8b 45
  0x00007f6868c036b7:   e8 48 8d 35 91 0f 00 00 48 89 c7 e8 49 eb ff ff
  0x00007f6868c036c7:   b8 00 00 00 00 eb 2b 48 8b 55 d8 48 8b 4d f0 48
  0x00007f6868c036d7:   8b 45 e8 48 89 ce 48 89 c7 e8 6b ec ff ff 48 89
  0x00007f6868c036e7:   45 f8 48 8b 45 f0 48 89 c7 e8 cb e8 ff ff 48 8b
  0x00007f6868c036f7:   45 f8 c9 c3 55 48 89 e5 48 83 ec 30 48 89 7d e8
  0x00007f6868c03707:   48 89 75 e0 48 89 55 d8 48 89 4d d0 48 8b 55 d0
  0x00007f6868c03717:   48 8b 4d d8 48 8b 45 e8 48 89 ce 48 89 c7 e8 16
  0x00007f6868c03727:   eb ff ff 48 89 45 f8 48 83 7d f8 00 74 3a 48 8b


Stack slot to memory mapping:

stack at sp + 0 slots: 0x00007f68689fd5d0 is pointing into the stack for thread: 0x00007f6895a2eb60
stack at sp + 1 slots: 0x00007f6895a2f000 points into unknown readable memory: 0x00007f689a9729e0 | e0 29 97 9a 68 7f 00 00
stack at sp + 2 slots: 0x00007f68689fd5c0 is pointing into the stack for thread: 0x00007f6895a2eb60
stack at sp + 3 slots: 0x00007f6883942f85 is at code_begin+997 in an Interpreter codelet
native method entry point (kind = native)  [0x00007f6883942ba0, 0x00007f68839436d8]  2872 bytes
stack at sp + 4 slots: 0x00007f685082db88 is pointing into metadata
stack at sp + 5 slots: 0xfffffffffffffff7 is an unknown value
stack at sp + 6 slots: 0x0 is null
stack at sp + 7 slots: 0x0000000000000003 is an unknown value

Lock stack of current Java thread (top to bottom):


[error occurred during error reporting (printing code blobs if possible), id 0xb, SIGSEGV (0xb) at pc=0x00007f689afd84fe]

---------------  P R O C E S S  ---------------

Threads class SMR info:
_java_thread_list=0x00007f68700067d0, length=88, elements={
0x00007f689402d720, 0x00007f6894139a10, 0x00007f689413ac00, 0x00007f689413c770,
0x00007f689413e090, 0x00007f689413f910, 0x00007f6894141710, 0x00007f6894143100,
0x00007f689418fb90, 0x00007f68941e86d0, 0x00007f6895996b60, 0x00007f68959fc870,
0x00007f6895a2eb60, 0x00007f68140148a0, 0x00007f680c0039c0, 0x00007f680c0059b0,
0x00007f680c008280, 0x00007f67f8004890, 0x00007f67f800bae0, 0x00007f67f8014bb0,
0x00007f67f81675f0, 0x00007f67f816cb10, 0x00007f67f81f9d70, 0x00007f67f88bf070,
0x00007f67f88c4860, 0x00007f67f89817f0, 0x00007f67f898bc00, 0x00007f67f8a14d90,
0x00007f67f8a56270, 0x00007f67f8af5580, 0x00007f67f8b21ed0, 0x00007f67f8f01140,
0x00007f67f8f12770, 0x00007f67f8f04720, 0x00007f67f920adc0, 0x00007f67f920b670,
0x00007f67f920c770, 0x00007f67f920d9a0, 0x00007f67f920ed10, 0x00007f67f9210060,
0x00007f67f9211510, 0x00007f67f9212860, 0x00007f67f9213cc0, 0x00007f67f98cf0f0,
0x00007f67f821a000, 0x00007f67fa4f2d10, 0x00007f676c006930, 0x00007f676c007520,
0x00007f676c009400, 0x00007f676c00a900, 0x00007f676c00be00, 0x00007f676c00d270,
0x00007f676c00e6e0, 0x00007f676c00fd10, 0x00007f676c011340, 0x00007f676c012980,
0x00007f676c013fc0, 0x00007f67600187a0, 0x00007f675809bc80, 0x00007f676002f140,
0x00007f675400c9f0, 0x00007f67181047d0, 0x00007f6718107460, 0x00007f67181094a0,
0x00007f671810a080, 0x00007f672c4e1040, 0x00007f672c4e1cb0, 0x00007f670c000cd0,
0x00007f672c67b200, 0x00007f672c889ed0, 0x00007f672d499d20, 0x00007f672d61e750,
0x00007f67580d47f0, 0x00007f670804c0f0, 0x00007f6708054950, 0x00007f670805c150,
0x00007f670805ccb0, 0x00007f67580f5b70, 0x00007f67580f6c30, 0x00007f67580f8640,
0x00007f67580fa050, 0x00007f67580fb3a0, 0x00007f67580fced0, 0x00007f6758103140,
0x00007f6758104b90, 0x00007f673c07f3d0, 0x00007f674c0025b0, 0x00007f673c0d09e0
}

Java Threads: ( => current thread )
  0x00007f689402d720 JavaThread "main"                              [_thread_blocked, id=51, stack(0x00007f689ab00000,0x00007f689ac00000) (1024K)]
  0x00007f6894139a10 JavaThread "Reference Handler"          daemon [_thread_blocked, id=65, stack(0x00007f6878ff3000,0x00007f68790f3000) (1024K)]
  0x00007f689413ac00 JavaThread "Finalizer"                  daemon [_thread_blocked, id=66, stack(0x00007f6878cf0000,0x00007f6878df0000) (1024K)]
  0x00007f689413c770 JavaThread "Signal Dispatcher"          daemon [_thread_blocked, id=67, stack(0x00007f6878bf0000,0x00007f6878cf0000) (1024K)]
  0x00007f689413e090 JavaThread "Service Thread"             daemon [_thread_blocked, id=68, stack(0x00007f6878af0000,0x00007f6878bf0000) (1024K)]
  0x00007f689413f910 JavaThread "Monitor Deflation Thread"   daemon [_thread_blocked, id=69, stack(0x00007f68789f0000,0x00007f6878af0000) (1024K)]
  0x00007f6894141710 JavaThread "C2 CompilerThread0"         daemon [_thread_blocked, id=70, stack(0x00007f68788f0000,0x00007f68789f0000) (1024K)]
  0x00007f6894143100 JavaThread "C1 CompilerThread0"         daemon [_thread_blocked, id=71, stack(0x00007f68787f0000,0x00007f68788f0000) (1024K)]
  0x00007f689418fb90 JavaThread "Common-Cleaner"             daemon [_thread_blocked, id=72, stack(0x00007f68786f0000,0x00007f68787f0000) (1024K)]
  0x00007f68941e86d0 JavaThread "Notification Thread"        daemon [_thread_blocked, id=73, stack(0x00007f68785f0000,0x00007f68786f0000) (1024K)]
  0x00007f6895996b60 JavaThread "Daemon health stats"               [_thread_blocked, id=80, stack(0x00007f6868b00000,0x00007f6868c00000) (1024K)]
  0x00007f68959fc870 JavaThread "Incoming local TCP Connector on port 42341"        [_thread_in_native, id=81, stack(0x00007f6868a00000,0x00007f6868b00000) (1024K)]
=>0x00007f6895a2eb60 JavaThread "Daemon periodic checks"            [_thread_in_native, id=83, stack(0x00007f6868900000,0x00007f6868a00000) (1024K)]
  0x00007f68140148a0 JavaThread "Daemon"                            [_thread_blocked, id=84, stack(0x00007f6868800000,0x00007f6868900000) (1024K)]
  0x00007f680c0039c0 JavaThread "Handler for socket connection from /127.0.0.1:42341 to /127.0.0.1:56216"        [_thread_in_native, id=85, stack(0x00007f6868700000,0x00007f6868800000) (1024K)]
  0x00007f680c0059b0 JavaThread "Cancel handler"                    [_thread_blocked, id=86, stack(0x00007f6868600000,0x00007f6868700000) (1024K)]
  0x00007f680c008280 JavaThread "Daemon worker"                     [_thread_blocked, id=87, stack(0x00007f6868500000,0x00007f6868600000) (1024K)]
  0x00007f67f8004890 JavaThread "Asynchronous log dispatcher for DefaultDaemonConnection: socket connection from /127.0.0.1:42341 to /127.0.0.1:56216"        [_thread_blocked, id=88, stack(0x00007f6868400000,0x00007f6868500000) (1024K)]
  0x00007f67f800bae0 JavaThread "Stdin handler"                     [_thread_blocked, id=89, stack(0x00007f6868300000,0x00007f6868400000) (1024K)]
  0x00007f67f8014bb0 JavaThread "Daemon client event forwarder"        [_thread_blocked, id=90, stack(0x00007f6868200000,0x00007f6868300000) (1024K)]
  0x00007f67f81675f0 JavaThread "Cache worker for journal cache (/home/abhimanyu/Trikrypta/VocoNexus/.gradle-home/caches/journal-1)"        [_thread_blocked, id=91, stack(0x00007f6868100000,0x00007f6868200000) (1024K)]
  0x00007f67f816cb10 JavaThread "File lock request listener"        [_thread_in_native, id=92, stack(0x00007f6868000000,0x00007f6868100000) (1024K)]
  0x00007f67f81f9d70 JavaThread "Cache worker for file hash cache (/home/abhimanyu/Trikrypta/VocoNexus/.gradle-home/caches/9.5.0/fileHashes)"        [_thread_blocked, id=93, stack(0x00007f67e7f00000,0x00007f67e8000000) (1024K)]
  0x00007f67f88bf070 JavaThread "Cache worker for file hash cache (/home/abhimanyu/Trikrypta/VocoNexus/.gradle/9.5.0/fileHashes)"        [_thread_blocked, id=101, stack(0x00007f67e76f9000,0x00007f67e77f9000) (1024K)]
  0x00007f67f88c4860 JavaThread "Cache worker for Build Output Cleanup Cache (/home/abhimanyu/Trikrypta/VocoNexus/.gradle/buildOutputCleanup)"        [_thread_blocked, id=102, stack(0x00007f67e75f9000,0x00007f67e76f9000) (1024K)]
  0x00007f67f89817f0 JavaThread "File watcher server"        daemon [_thread_in_native, id=103, stack(0x00007f67e74f9000,0x00007f67e75f9000) (1024K)]
  0x00007f67f898bc00 JavaThread "File watcher consumer"      daemon [_thread_blocked, id=104, stack(0x00007f67e73f9000,0x00007f67e74f9000) (1024K)]
  0x00007f67f8a14d90 JavaThread "Cache worker for file content cache (/home/abhimanyu/Trikrypta/VocoNexus/.gradle-home/caches/9.5.0/fileContent)"        [_thread_blocked, id=105, stack(0x00007f67e72f9000,0x00007f67e73f9000) (1024K)]
  0x00007f67f8a56270 JavaThread "Cache worker for checksums cache (/home/abhimanyu/Trikrypta/VocoNexus/.gradle/9.5.0/checksums)"        [_thread_blocked, id=106, stack(0x00007f67e71f9000,0x00007f67e72f9000) (1024K)]
  0x00007f67f8af5580 JavaThread "Cache worker for cache directory md-supplier (/home/abhimanyu/Trikrypta/VocoNexus/.gradle-home/caches/9.5.0/md-supplier)"        [_thread_blocked, id=107, stack(0x00007f67e70f9000,0x00007f67e71f9000) (1024K)]
  0x00007f67f8b21ed0 JavaThread "Cache worker for cache directory md-rule (/home/abhimanyu/Trikrypta/VocoNexus/.gradle-home/caches/9.5.0/md-rule)"        [_thread_blocked, id=108, stack(0x00007f67e6ff9000,0x00007f67e70f9000) (1024K)]
  0x00007f67f8f01140 JavaThread "Build operations"                  [_thread_blocked, id=109, stack(0x00007f67e6ef9000,0x00007f67e6ff9000) (1024K)]
  0x00007f67f8f12770 JavaThread "Build operations Thread 2"         [_thread_blocked, id=110, stack(0x00007f67e6df9000,0x00007f67e6ef9000) (1024K)]
  0x00007f67f8f04720 JavaThread "Build operations Thread 3"         [_thread_blocked, id=111, stack(0x00007f67e6cf9000,0x00007f67e6df9000) (1024K)]
  0x00007f67f920adc0 JavaThread "Build operations Thread 4"         [_thread_blocked, id=112, stack(0x00007f67e6bf9000,0x00007f67e6cf9000) (1024K)]
  0x00007f67f920b670 JavaThread "Build operations Thread 5"         [_thread_blocked, id=113, stack(0x00007f67e6af9000,0x00007f67e6bf9000) (1024K)]
  0x00007f67f920c770 JavaThread "Build operations Thread 6"         [_thread_blocked, id=114, stack(0x00007f67e69f9000,0x00007f67e6af9000) (1024K)]
  0x00007f67f920d9a0 JavaThread "Build operations Thread 7"         [_thread_blocked, id=115, stack(0x00007f67e68f9000,0x00007f67e69f9000) (1024K)]
  0x00007f67f920ed10 JavaThread "Build operations Thread 8"         [_thread_blocked, id=116, stack(0x00007f67e67f9000,0x00007f67e68f9000) (1024K)]
  0x00007f67f9210060 JavaThread "Build operations Thread 9"         [_thread_blocked, id=117, stack(0x00007f67e66f9000,0x00007f67e67f9000) (1024K)]
  0x00007f67f9211510 JavaThread "Build operations Thread 10"        [_thread_blocked, id=118, stack(0x00007f67e65f9000,0x00007f67e66f9000) (1024K)]
  0x00007f67f9212860 JavaThread "Build operations Thread 11"        [_thread_blocked, id=119, stack(0x00007f67e64f9000,0x00007f67e65f9000) (1024K)]
  0x00007f67f9213cc0 JavaThread "Build operations Thread 12"        [_thread_blocked, id=120, stack(0x00007f67e63f9000,0x00007f67e64f9000) (1024K)]
  0x00007f67f98cf0f0 JavaThread "Memory manager"                    [_thread_blocked, id=121, stack(0x00007f67e62f9000,0x00007f67e63f9000) (1024K)]
  0x00007f67f821a000 JavaThread "build event listener"              [_thread_blocked, id=122, stack(0x00007f67e61f9000,0x00007f67e62f9000) (1024K)]
  0x00007f67fa4f2d10 JavaThread "included builds"                   [_thread_blocked, id=123, stack(0x00007f67e60f9000,0x00007f67e61f9000) (1024K)]
  0x00007f676c006930 JavaThread "Execution worker"                  [_thread_blocked, id=124, stack(0x00007f67e5ff9000,0x00007f67e60f9000) (1024K)]
  0x00007f676c007520 JavaThread "Execution worker Thread 2"         [_thread_blocked, id=125, stack(0x00007f67e5ef9000,0x00007f67e5ff9000) (1024K)]
  0x00007f676c009400 JavaThread "Execution worker Thread 3"         [_thread_blocked, id=126, stack(0x00007f67e5df9000,0x00007f67e5ef9000) (1024K)]
  0x00007f676c00a900 JavaThread "Execution worker Thread 4"         [_thread_blocked, id=127, stack(0x00007f67e5cf9000,0x00007f67e5df9000) (1024K)]
  0x00007f676c00be00 JavaThread "Execution worker Thread 5"         [_thread_blocked, id=128, stack(0x00007f67e5bf9000,0x00007f67e5cf9000) (1024K)]
  0x00007f676c00d270 JavaThread "Execution worker Thread 6"         [_thread_blocked, id=129, stack(0x00007f67e5af9000,0x00007f67e5bf9000) (1024K)]
  0x00007f676c00e6e0 JavaThread "Execution worker Thread 7"         [_thread_blocked, id=130, stack(0x00007f67e59f9000,0x00007f67e5af9000) (1024K)]
  0x00007f676c00fd10 JavaThread "Execution worker Thread 8"         [_thread_blocked, id=131, stack(0x00007f67e58f9000,0x00007f67e59f9000) (1024K)]
  0x00007f676c011340 JavaThread "Execution worker Thread 9"         [_thread_blocked, id=132, stack(0x00007f67e57f9000,0x00007f67e58f9000) (1024K)]
  0x00007f676c012980 JavaThread "Execution worker Thread 10"        [_thread_blocked, id=133, stack(0x00007f67e56f9000,0x00007f67e57f9000) (1024K)]
  0x00007f676c013fc0 JavaThread "Execution worker Thread 11"        [_thread_blocked, id=134, stack(0x00007f67e55f9000,0x00007f67e56f9000) (1024K)]
  0x00007f67600187a0 JavaThread "Cache worker for execution history cache (/home/abhimanyu/Trikrypta/VocoNexus/.gradle/9.5.0/executionHistory)"        [_thread_blocked, id=135, stack(0x00007f67e54f9000,0x00007f67e55f9000) (1024K)]
  0x00007f675809bc80 JavaThread "WorkerExecutor Queue"              [_thread_blocked, id=160, stack(0x00007f67e53f9000,0x00007f67e54f9000) (1024K)]
  0x00007f676002f140 JavaThread "WorkerExecutor Queue Thread 2"        [_thread_blocked, id=161, stack(0x00007f67e4af9000,0x00007f67e4bf9000) (1024K)]
  0x00007f675400c9f0 JavaThread "WorkerExecutor Queue Thread 3"        [_thread_blocked, id=162, stack(0x00007f67e48f9000,0x00007f67e49f9000) (1024K)]
  0x00007f67181047d0 JavaThread "pool-3-thread-1"                   [_thread_blocked, id=165, stack(0x00007f67e49f9000,0x00007f67e4af9000) (1024K)]
  0x00007f6718107460 JavaThread "process reaper (pid 166)"   daemon [_thread_in_native, id=167, stack(0x00007f6898659000,0x00007f689867b000) (136K)]
  0x00007f67181094a0 JavaThread "stderr"                            [_thread_in_native, id=168, stack(0x00007f67e51f9000,0x00007f67e52f9000) (1024K)]
  0x00007f671810a080 JavaThread "stdout"                            [_thread_in_native, id=169, stack(0x00007f67e4ef9000,0x00007f67e4ff9000) (1024K)]
  0x00007f672c4e1040 JavaThread "DefaultDispatcher-worker-1" daemon [_thread_blocked, id=170, stack(0x00007f67e50f9000,0x00007f67e51f9000) (1024K)]
  0x00007f672c4e1cb0 JavaThread "DefaultDispatcher-worker-2" daemon [_thread_blocked, id=171, stack(0x00007f67e4df9000,0x00007f67e4ef9000) (1024K)]
  0x00007f670c000cd0 JavaThread "DefaultDispatcher-worker-3" daemon [_thread_blocked, id=172, stack(0x00007f67e4cf9000,0x00007f67e4df9000) (1024K)]
  0x00007f672c67b200 JavaThread "Periodic tasks thread"      daemon [_thread_blocked, id=173, stack(0x00007f67e4ff9000,0x00007f67e50f9000) (1024K)]
  0x00007f672c889ed0 JavaThread "ApplicationImpl pooled thread 1"        [_thread_blocked, id=174, stack(0x00007f67e52f9000,0x00007f67e53f9000) (1024K)]
  0x00007f672d499d20 JavaThread "process reaper (pid 188)"   daemon [_thread_in_native, id=183, stack(0x00007f687c2d4000,0x00007f687c2f6000) (136K)]
  0x00007f672d61e750 JavaThread "DirectBufferWrapper allocation thread" daemon [_thread_blocked, id=184, stack(0x00007f67e44fe000,0x00007f67e45fe000) (1024K)]
  0x00007f67580d47f0 JavaThread "WorkerExecutor Queue Thread 4"        [_thread_blocked, id=187, stack(0x00007f66fb300000,0x00007f66fb400000) (1024K)]
  0x00007f670804c0f0 JavaThread "RMI Scheduler(0)"           daemon [_thread_blocked, id=215, stack(0x00007f67e4000000,0x00007f67e4100000) (1024K)]
  0x00007f6708054950 JavaThread "RMI GC Daemon"              daemon [_thread_blocked, id=217, stack(0x00007f66fb200000,0x00007f66fb300000) (1024K)]
  0x00007f670805c150 JavaThread "RMI TCP Accept-0"           daemon [_thread_in_native, id=219, stack(0x00007f68783f0000,0x00007f68784f0000) (1024K)]
  0x00007f670805ccb0 JavaThread "RMI Reaper"                        [_thread_blocked, id=220, stack(0x00007f67e45fe000,0x00007f67e46fe000) (1024K)]
  0x00007f67580f5b70 JavaThread "WorkerExecutor Queue Thread 5"        [_thread_blocked, id=235, stack(0x00007f66f6f00000,0x00007f66f7000000) (1024K)]
  0x00007f67580f6c30 JavaThread "WorkerExecutor Queue Thread 6"        [_thread_blocked, id=236, stack(0x00007f66f6e00000,0x00007f66f6f00000) (1024K)]
  0x00007f67580f8640 JavaThread "WorkerExecutor Queue Thread 7"        [_thread_blocked, id=237, stack(0x00007f66f6d00000,0x00007f66f6e00000) (1024K)]
  0x00007f67580fa050 JavaThread "WorkerExecutor Queue Thread 8"        [_thread_blocked, id=238, stack(0x00007f66f6c00000,0x00007f66f6d00000) (1024K)]
  0x00007f67580fb3a0 JavaThread "WorkerExecutor Queue Thread 9"        [_thread_blocked, id=239, stack(0x00007f66f6b00000,0x00007f66f6c00000) (1024K)]
  0x00007f67580fced0 JavaThread "WorkerExecutor Queue Thread 10"        [_thread_blocked, id=240, stack(0x00007f66f6a00000,0x00007f66f6b00000) (1024K)]
  0x00007f6758103140 JavaThread "WorkerExecutor Queue Thread 11"        [_thread_blocked, id=241, stack(0x00007f66f6900000,0x00007f66f6a00000) (1024K)]
  0x00007f6758104b90 JavaThread "WorkerExecutor Queue Thread 12"        [_thread_blocked, id=242, stack(0x00007f66f6800000,0x00007f66f6900000) (1024K)]
  0x00007f673c07f3d0 JavaThread "Monitor"                           [_thread_in_native, id=253, stack(0x00007f67e4100000,0x00007f67e4200000) (1024K)]
  0x00007f674c0025b0 JavaThread "process reaper"             daemon [_thread_blocked, id=256, stack(0x00007f687c2b2000,0x00007f687c2d4000) (136K)]
  0x00007f673c0d09e0 JavaThread "Device List Monitor"               [_thread_blocked, id=260, stack(0x00007f66fb000000,0x00007f66fb100000) (1024K)]
Total: 88

Other Threads:
  0x00007f689412fd30 VMThread "VM Thread"                           [id=64, stack(0x00007f6878df1000,0x00007f6878ef1000) (1024K)]
  0x00007f689411fc00 WatcherThread "VM Periodic Task Thread"        [id=63, stack(0x00007f6878ef2000,0x00007f6878ff2000) (1024K)]
  0x00007f689408e450 WorkerThread "GC Thread#0"                     [id=52, stack(0x00007f6898100000,0x00007f6898200000) (1024K)]
  0x00007f68580084b0 WorkerThread "GC Thread#1"                     [id=76, stack(0x00007f68782f0000,0x00007f68783f0000) (1024K)]
  0x00007f6858009160 WorkerThread "GC Thread#2"                     [id=77, stack(0x00007f68781ef000,0x00007f68782ef000) (1024K)]
  0x00007f6858009eb0 WorkerThread "GC Thread#3"                     [id=78, stack(0x00007f68780ee000,0x00007f68781ee000) (1024K)]
  0x00007f685800ac20 WorkerThread "GC Thread#4"                     [id=79, stack(0x00007f6868f00000,0x00007f6869000000) (1024K)]
  0x00007f68580151d0 WorkerThread "GC Thread#5"                     [id=94, stack(0x00007f67e7e00000,0x00007f67e7f00000) (1024K)]
  0x00007f6858015af0 WorkerThread "GC Thread#6"                     [id=95, stack(0x00007f67e7cff000,0x00007f67e7dff000) (1024K)]
  0x00007f6858016550 WorkerThread "GC Thread#7"                     [id=96, stack(0x00007f67e7bfe000,0x00007f67e7cfe000) (1024K)]
  0x00007f685800df90 WorkerThread "GC Thread#8"                     [id=97, stack(0x00007f67e7afd000,0x00007f67e7bfd000) (1024K)]
  0x00007f685800ece0 WorkerThread "GC Thread#9"                     [id=98, stack(0x00007f67e79fc000,0x00007f67e7afc000) (1024K)]
  0x00007f68940a7d00 ConcurrentGCThread "G1 Main Marker"            [id=53, stack(0x00007f687c2fe000,0x00007f687c3fe000) (1024K)]
  0x00007f68940a8ed0 WorkerThread "G1 Conc#0"                       [id=54, stack(0x00007f6879d00000,0x00007f6879e00000) (1024K)]
  0x00007f686c000cd0 WorkerThread "G1 Conc#1"                       [id=99, stack(0x00007f67e78fb000,0x00007f67e79fb000) (1024K)]
  0x00007f686c001a00 WorkerThread "G1 Conc#2"                       [id=100, stack(0x00007f67e77fa000,0x00007f67e78fa000) (1024K)]
  0x00007f689410f570 ConcurrentGCThread "G1 Refine#0"               [id=56, stack(0x00007f68791f5000,0x00007f68792f5000) (1024K)]
  0x00007f6894110760 ConcurrentGCThread "G1 Service"                [id=57, stack(0x00007f68790f4000,0x00007f68791f4000) (1024K)]
Total: 18

Threads with active compile tasks:
Total: 0

VM state: not at safepoint (normal execution)

VM Mutex/Monitor currently owned by a thread: None

Heap address: 0x0000000080000000, size: 2048 MB, Compressed Oops mode: 32-bit

CDS archive(s) mapped at: [0x000000002e000000-0x000000002ed95000-0x000000002ed95000), size 14241792, SharedBaseAddress: 0x000000002e000000, ArchiveRelocationMode: 1.
Compressed class space mapped at: 0x000000002f000000-0x000000006f000000, reserved size: 1073741824
UseCompressedClassPointers 1, UseCompactObjectHeaders 0
Narrow klass pointer bits 32, Max shift 3
Narrow klass base: 0x000000002e000000, Narrow klass shift: 0
Encoding Range: [0x000000002e000000 - 0x000000012e000000), (4294967296 bytes)
Klass Range:    [0x000000002e001000 - 0x000000006f000000), (1090514944 bytes)
Klass ID Range:  [4096 - 1090519033) (1090514937)
Protection zone: [0x000000002e000000 - 0x000000002e001000), (4096 bytes)

GC Precious Log:
 CardTable entry size: 512
 Card Set container configuration: InlinePtr #cards 5 size 8 Array Of Cards #cards 10 size 36 Howl #buckets 4 coarsen threshold 1843 Howl Bitmap #cards 512 size 80 coarsen threshold 460 Card regions per heap region 1 cards per card region 2048
 CPUs: 12 total, 12 available
 Memory: 15623M
 Large Page Support: Disabled
 NUMA Support: Disabled
 Compressed Oops: Enabled (32-bit)
 Heap Region Size: 1M
 Heap Min Capacity: 8M
 Heap Initial Capacity: 246M
 Heap Max Capacity: 2G
 Pre-touch: Disabled
 Parallel Workers: 10
 Concurrent Workers: 3
 Concurrent Refinement Workers: 10
 Periodic GC: Disabled

Heap:
 garbage-first heap   total reserved 2097152K, committed 1123328K, used 707553K [0x0000000080000000, 0x0000000100000000)
  region size 1024K, 143 young (146432K), 9 survivors (9216K)

Heap Regions: E=young(eden), S=young(survivor), O=old, HS=humongous(starts), HC=humongous(continues), CS=collection set, F=free, TAMS=top-at-mark-start, PB=parsable bottom
|   0|0x0000000080000000, 0x0000000080100000, 0x0000000080100000|100%|HS|  |TAMS 0x0000000080000000| PB 0x0000000080000000| Complete |  0
|   1|0x0000000080100000, 0x0000000080200000, 0x0000000080200000|100%|HC|  |TAMS 0x0000000080100000| PB 0x0000000080100000| Complete |  0
|   2|0x0000000080200000, 0x0000000080300000, 0x0000000080300000|100%|HC|  |TAMS 0x0000000080200000| PB 0x0000000080200000| Complete |  0
|   3|0x0000000080300000, 0x0000000080400000, 0x0000000080400000|100%|HC|  |TAMS 0x0000000080300000| PB 0x0000000080300000| Complete |  0
|   4|0x0000000080400000, 0x0000000080500000, 0x0000000080500000|100%|HS|  |TAMS 0x0000000080400000| PB 0x0000000080400000| Complete |  0
|   5|0x0000000080500000, 0x0000000080600000, 0x0000000080600000|100%| O|  |TAMS 0x0000000080500000| PB 0x0000000080500000| Untracked |  0
|   6|0x0000000080600000, 0x0000000080700000, 0x0000000080700000|100%| O|  |TAMS 0x0000000080600000| PB 0x0000000080600000| Untracked |  0
|   7|0x0000000080700000, 0x0000000080800000, 0x0000000080800000|100%| O|  |TAMS 0x0000000080700000| PB 0x0000000080700000| Untracked |  0
|   8|0x0000000080800000, 0x0000000080900000, 0x0000000080900000|100%| O|  |TAMS 0x0000000080800000| PB 0x0000000080800000| Untracked |  0
|   9|0x0000000080900000, 0x0000000080a00000, 0x0000000080a00000|100%| O|  |TAMS 0x0000000080900000| PB 0x0000000080900000| Untracked |  0
|  10|0x0000000080a00000, 0x0000000080b00000, 0x0000000080b00000|100%| O|  |TAMS 0x0000000080a00000| PB 0x0000000080a00000| Untracked |  0
|  11|0x0000000080b00000, 0x0000000080c00000, 0x0000000080c00000|100%| O|  |TAMS 0x0000000080b00000| PB 0x0000000080b00000| Untracked |  0
|  12|0x0000000080c00000, 0x0000000080d00000, 0x0000000080d00000|100%| O|  |TAMS 0x0000000080c00000| PB 0x0000000080c00000| Untracked |  0
|  13|0x0000000080d00000, 0x0000000080e00000, 0x0000000080e00000|100%| O|  |TAMS 0x0000000080d00000| PB 0x0000000080d00000| Untracked |  0
|  14|0x0000000080e00000, 0x0000000080f00000, 0x0000000080f00000|100%| O|  |TAMS 0x0000000080e00000| PB 0x0000000080e00000| Untracked |  0
|  15|0x0000000080f00000, 0x0000000081000000, 0x0000000081000000|100%| O|  |TAMS 0x0000000080f00000| PB 0x0000000080f00000| Untracked |  0
|  16|0x0000000081000000, 0x0000000081100000, 0x0000000081100000|100%| O|  |TAMS 0x0000000081000000| PB 0x0000000081000000| Untracked |  0
|  17|0x0000000081100000, 0x0000000081200000, 0x0000000081200000|100%| O|  |TAMS 0x0000000081100000| PB 0x0000000081100000| Untracked |  0
|  18|0x0000000081200000, 0x0000000081300000, 0x0000000081300000|100%| O|  |TAMS 0x0000000081200000| PB 0x0000000081200000| Untracked |  0
|  19|0x0000000081300000, 0x0000000081400000, 0x0000000081400000|100%| O|  |TAMS 0x0000000081300000| PB 0x0000000081300000| Untracked |  0
|  20|0x0000000081400000, 0x0000000081500000, 0x0000000081500000|100%| O|  |TAMS 0x0000000081400000| PB 0x0000000081400000| Untracked |  0
|  21|0x0000000081500000, 0x0000000081600000, 0x0000000081600000|100%| O|  |TAMS 0x0000000081500000| PB 0x0000000081500000| Untracked |  0
|  22|0x0000000081600000, 0x0000000081700000, 0x0000000081700000|100%| O|  |TAMS 0x0000000081600000| PB 0x0000000081600000| Untracked |  0
|  23|0x0000000081700000, 0x0000000081800000, 0x0000000081800000|100%| O|  |TAMS 0x0000000081700000| PB 0x0000000081700000| Untracked |  0
|  24|0x0000000081800000, 0x0000000081900000, 0x0000000081900000|100%| O|  |TAMS 0x0000000081800000| PB 0x0000000081800000| Untracked |  0
|  25|0x0000000081900000, 0x0000000081a00000, 0x0000000081a00000|100%| O|  |TAMS 0x0000000081900000| PB 0x0000000081900000| Untracked |  0
|  26|0x0000000081a00000, 0x0000000081b00000, 0x0000000081b00000|100%| O|  |TAMS 0x0000000081a00000| PB 0x0000000081a00000| Untracked |  0
|  27|0x0000000081b00000, 0x0000000081c00000, 0x0000000081c00000|100%| O|  |TAMS 0x0000000081b00000| PB 0x0000000081b00000| Untracked |  0
|  28|0x0000000081c00000, 0x0000000081d00000, 0x0000000081d00000|100%| O|  |TAMS 0x0000000081c00000| PB 0x0000000081c00000| Untracked |  0
|  29|0x0000000081d00000, 0x0000000081e00000, 0x0000000081e00000|100%| O|  |TAMS 0x0000000081d00000| PB 0x0000000081d00000| Untracked |  0
|  30|0x0000000081e00000, 0x0000000081f00000, 0x0000000081f00000|100%| O|  |TAMS 0x0000000081e00000| PB 0x0000000081e00000| Untracked |  0
|  31|0x0000000081f00000, 0x0000000082000000, 0x0000000082000000|100%| O|  |TAMS 0x0000000081f00000| PB 0x0000000081f00000| Untracked |  0
|  32|0x0000000082000000, 0x0000000082100000, 0x0000000082100000|100%| O|  |TAMS 0x0000000082000000| PB 0x0000000082000000| Untracked |  0
|  33|0x0000000082100000, 0x0000000082200000, 0x0000000082200000|100%| O|  |TAMS 0x0000000082100000| PB 0x0000000082100000| Untracked |  0
|  34|0x0000000082200000, 0x0000000082300000, 0x0000000082300000|100%| O|  |TAMS 0x0000000082200000| PB 0x0000000082200000| Untracked |  0
|  35|0x0000000082300000, 0x0000000082400000, 0x0000000082400000|100%| O|  |TAMS 0x0000000082300000| PB 0x0000000082300000| Untracked |  0
|  36|0x0000000082400000, 0x0000000082500000, 0x0000000082500000|100%| O|  |TAMS 0x0000000082400000| PB 0x0000000082400000| Untracked |  0
|  37|0x0000000082500000, 0x0000000082600000, 0x0000000082600000|100%| O|  |TAMS 0x0000000082500000| PB 0x0000000082500000| Untracked |  0
|  38|0x0000000082600000, 0x0000000082700000, 0x0000000082700000|100%| O|  |TAMS 0x0000000082600000| PB 0x0000000082600000| Untracked |  0
|  39|0x0000000082700000, 0x0000000082800000, 0x0000000082800000|100%| O|  |TAMS 0x0000000082700000| PB 0x0000000082700000| Untracked |  0
|  40|0x0000000082800000, 0x0000000082900000, 0x0000000082900000|100%| O|  |TAMS 0x0000000082800000| PB 0x0000000082800000| Untracked |  0
|  41|0x0000000082900000, 0x0000000082a00000, 0x0000000082a00000|100%| O|  |TAMS 0x0000000082900000| PB 0x0000000082900000| Untracked |  0
|  42|0x0000000082a00000, 0x0000000082b00000, 0x0000000082b00000|100%| O|  |TAMS 0x0000000082a00000| PB 0x0000000082a00000| Untracked |  0
|  43|0x0000000082b00000, 0x0000000082c00000, 0x0000000082c00000|100%| O|  |TAMS 0x0000000082b00000| PB 0x0000000082b00000| Untracked |  0
|  44|0x0000000082c00000, 0x0000000082d00000, 0x0000000082d00000|100%| O|  |TAMS 0x0000000082c00000| PB 0x0000000082c00000| Untracked |  0
|  45|0x0000000082d00000, 0x0000000082e00000, 0x0000000082e00000|100%|HS|  |TAMS 0x0000000082d00000| PB 0x0000000082d00000| Complete |  0
|  46|0x0000000082e00000, 0x0000000082f00000, 0x0000000082f00000|100%|HS|  |TAMS 0x0000000082e00000| PB 0x0000000082e00000| Complete |  0
|  47|0x0000000082f00000, 0x0000000083000000, 0x0000000083000000|100%|HS|  |TAMS 0x0000000082f00000| PB 0x0000000082f00000| Complete |  0
|  48|0x0000000083000000, 0x0000000083100000, 0x0000000083100000|100%|HC|  |TAMS 0x0000000083000000| PB 0x0000000083000000| Complete |  0
|  49|0x0000000083100000, 0x0000000083200000, 0x0000000083200000|100%|HS|  |TAMS 0x0000000083100000| PB 0x0000000083100000| Complete |  0
|  50|0x0000000083200000, 0x0000000083300000, 0x0000000083300000|100%|HS|  |TAMS 0x0000000083200000| PB 0x0000000083200000| Complete |  0
|  51|0x0000000083300000, 0x0000000083400000, 0x0000000083400000|100%| O|  |TAMS 0x0000000083300000| PB 0x0000000083300000| Untracked |  0
|  52|0x0000000083400000, 0x0000000083500000, 0x0000000083500000|100%| O|  |TAMS 0x0000000083400000| PB 0x0000000083400000| Untracked |  0
|  53|0x0000000083500000, 0x0000000083600000, 0x0000000083600000|100%|HS|  |TAMS 0x0000000083500000| PB 0x0000000083500000| Complete |  0
|  54|0x0000000083600000, 0x0000000083700000, 0x0000000083700000|100%| O|  |TAMS 0x0000000083600000| PB 0x0000000083600000| Untracked |  0
|  55|0x0000000083700000, 0x0000000083800000, 0x0000000083800000|100%|HS|  |TAMS 0x0000000083700000| PB 0x0000000083700000| Complete |  0
|  56|0x0000000083800000, 0x0000000083900000, 0x0000000083900000|100%| O|  |TAMS 0x0000000083800000| PB 0x0000000083800000| Untracked |  0
|  57|0x0000000083900000, 0x0000000083a00000, 0x0000000083a00000|100%|HS|  |TAMS 0x0000000083900000| PB 0x0000000083900000| Complete |  0
|  58|0x0000000083a00000, 0x0000000083b00000, 0x0000000083b00000|100%|HS|  |TAMS 0x0000000083a00000| PB 0x0000000083a00000| Complete |  0
|  59|0x0000000083b00000, 0x0000000083c00000, 0x0000000083c00000|100%|HS|  |TAMS 0x0000000083b00000| PB 0x0000000083b00000| Complete |  0
|  60|0x0000000083c00000, 0x0000000083d00000, 0x0000000083d00000|100%|HC|  |TAMS 0x0000000083c00000| PB 0x0000000083c00000| Complete |  0
|  61|0x0000000083d00000, 0x0000000083e00000, 0x0000000083e00000|100%| O|  |TAMS 0x0000000083d00000| PB 0x0000000083d00000| Untracked |  0
|  62|0x0000000083e00000, 0x0000000083f00000, 0x0000000083f00000|100%| O|  |TAMS 0x0000000083e00000| PB 0x0000000083e00000| Untracked |  0
|  63|0x0000000083f00000, 0x0000000084000000, 0x0000000084000000|100%| O|  |TAMS 0x0000000083f00000| PB 0x0000000083f00000| Untracked |  0
|  64|0x0000000084000000, 0x0000000084100000, 0x0000000084100000|100%| O|  |TAMS 0x0000000084000000| PB 0x0000000084000000| Untracked |  0
|  65|0x0000000084100000, 0x0000000084200000, 0x0000000084200000|100%|HS|  |TAMS 0x0000000084100000| PB 0x0000000084100000| Complete |  0
|  66|0x0000000084200000, 0x0000000084300000, 0x0000000084300000|100%| O|  |TAMS 0x0000000084200000| PB 0x0000000084200000| Untracked |  0
|  67|0x0000000084300000, 0x0000000084400000, 0x0000000084400000|100%| O|  |TAMS 0x0000000084300000| PB 0x0000000084300000| Untracked |  0
|  68|0x0000000084400000, 0x0000000084500000, 0x0000000084500000|100%| O|  |TAMS 0x0000000084400000| PB 0x0000000084400000| Untracked |  0
|  69|0x0000000084500000, 0x0000000084600000, 0x0000000084600000|100%| O|  |TAMS 0x0000000084500000| PB 0x0000000084500000| Untracked |  0
|  70|0x0000000084600000, 0x0000000084700000, 0x0000000084700000|100%| O|  |TAMS 0x0000000084600000| PB 0x0000000084600000| Untracked |  0
|  71|0x0000000084700000, 0x0000000084800000, 0x0000000084800000|100%| O|  |TAMS 0x0000000084700000| PB 0x0000000084700000| Untracked |  0
|  72|0x0000000084800000, 0x0000000084900000, 0x0000000084900000|100%| O|  |TAMS 0x0000000084800000| PB 0x0000000084800000| Untracked |  0
|  73|0x0000000084900000, 0x0000000084a00000, 0x0000000084a00000|100%| O|  |TAMS 0x0000000084900000| PB 0x0000000084900000| Untracked |  0
|  74|0x0000000084a00000, 0x0000000084b00000, 0x0000000084b00000|100%| O|  |TAMS 0x0000000084a00000| PB 0x0000000084a00000| Untracked |  0
|  75|0x0000000084b00000, 0x0000000084c00000, 0x0000000084c00000|100%| O|  |TAMS 0x0000000084b00000| PB 0x0000000084b00000| Untracked |  0
|  76|0x0000000084c00000, 0x0000000084d00000, 0x0000000084d00000|100%| O|  |TAMS 0x0000000084c00000| PB 0x0000000084c00000| Untracked |  0
|  77|0x0000000084d00000, 0x0000000084e00000, 0x0000000084e00000|100%| O|  |TAMS 0x0000000084d00000| PB 0x0000000084d00000| Untracked |  0
|  78|0x0000000084e00000, 0x0000000084f00000, 0x0000000084f00000|100%| O|  |TAMS 0x0000000084e00000| PB 0x0000000084e00000| Untracked |  0
|  79|0x0000000084f00000, 0x0000000085000000, 0x0000000085000000|100%| O|  |TAMS 0x0000000084f00000| PB 0x0000000084f00000| Untracked |  0
|  80|0x0000000085000000, 0x0000000085100000, 0x0000000085100000|100%| O|  |TAMS 0x0000000085000000| PB 0x0000000085000000| Untracked |  0
|  81|0x0000000085100000, 0x0000000085200000, 0x0000000085200000|100%| O|  |TAMS 0x0000000085100000| PB 0x0000000085100000| Untracked |  0
|  82|0x0000000085200000, 0x0000000085300000, 0x0000000085300000|100%| O|  |TAMS 0x0000000085200000| PB 0x0000000085200000| Untracked |  0
|  83|0x0000000085300000, 0x0000000085400000, 0x0000000085400000|100%| O|  |TAMS 0x0000000085300000| PB 0x0000000085300000| Untracked |  0
|  84|0x0000000085400000, 0x0000000085500000, 0x0000000085500000|100%| O|  |TAMS 0x0000000085400000| PB 0x0000000085400000| Untracked |  0
|  85|0x0000000085500000, 0x0000000085600000, 0x0000000085600000|100%| O|  |TAMS 0x0000000085500000| PB 0x0000000085500000| Untracked |  0
|  86|0x0000000085600000, 0x0000000085700000, 0x0000000085700000|100%| O|  |TAMS 0x0000000085600000| PB 0x0000000085600000| Untracked |  0
|  87|0x0000000085700000, 0x0000000085800000, 0x0000000085800000|100%| O|  |TAMS 0x0000000085700000| PB 0x0000000085700000| Untracked |  0
|  88|0x0000000085800000, 0x0000000085900000, 0x0000000085900000|100%| O|  |TAMS 0x0000000085800000| PB 0x0000000085800000| Untracked |  0
|  89|0x0000000085900000, 0x0000000085a00000, 0x0000000085a00000|100%| O|  |TAMS 0x0000000085900000| PB 0x0000000085900000| Untracked |  0
|  90|0x0000000085a00000, 0x0000000085b00000, 0x0000000085b00000|100%| O|  |TAMS 0x0000000085a00000| PB 0x0000000085a00000| Untracked |  0
|  91|0x0000000085b00000, 0x0000000085c00000, 0x0000000085c00000|100%| O|  |TAMS 0x0000000085b00000| PB 0x0000000085b00000| Untracked |  0
|  92|0x0000000085c00000, 0x0000000085d00000, 0x0000000085d00000|100%| O|  |TAMS 0x0000000085c00000| PB 0x0000000085c00000| Untracked |  0
|  93|0x0000000085d00000, 0x0000000085e00000, 0x0000000085e00000|100%| O|  |TAMS 0x0000000085d00000| PB 0x0000000085d00000| Untracked |  0
|  94|0x0000000085e00000, 0x0000000085f00000, 0x0000000085f00000|100%| O|  |TAMS 0x0000000085e00000| PB 0x0000000085e00000| Untracked |  0
|  95|0x0000000085f00000, 0x0000000086000000, 0x0000000086000000|100%| O|  |TAMS 0x0000000085f00000| PB 0x0000000085f00000| Untracked |  0
|  96|0x0000000086000000, 0x0000000086100000, 0x0000000086100000|100%| O|  |TAMS 0x0000000086000000| PB 0x0000000086000000| Untracked |  0
|  97|0x0000000086100000, 0x0000000086200000, 0x0000000086200000|100%| O|  |TAMS 0x0000000086100000| PB 0x0000000086100000| Untracked |  0
|  98|0x0000000086200000, 0x0000000086300000, 0x0000000086300000|100%| O|  |TAMS 0x0000000086200000| PB 0x0000000086200000| Untracked |  0
|  99|0x0000000086300000, 0x0000000086400000, 0x0000000086400000|100%| O|  |TAMS 0x0000000086300000| PB 0x0000000086300000| Untracked |  0
| 100|0x0000000086400000, 0x0000000086500000, 0x0000000086500000|100%| O|  |TAMS 0x0000000086400000| PB 0x0000000086400000| Untracked |  0
| 101|0x0000000086500000, 0x0000000086600000, 0x0000000086600000|100%| O|  |TAMS 0x0000000086500000| PB 0x0000000086500000| Untracked |  0
| 102|0x0000000086600000, 0x0000000086700000, 0x0000000086700000|100%| O|  |TAMS 0x0000000086600000| PB 0x0000000086600000| Untracked |  0
| 103|0x0000000086700000, 0x0000000086800000, 0x0000000086800000|100%| O|  |TAMS 0x0000000086700000| PB 0x0000000086700000| Untracked |  0
| 104|0x0000000086800000, 0x0000000086900000, 0x0000000086900000|100%| O|  |TAMS 0x0000000086800000| PB 0x0000000086800000| Untracked |  0
| 105|0x0000000086900000, 0x0000000086a00000, 0x0000000086a00000|100%| O|  |TAMS 0x0000000086900000| PB 0x0000000086900000| Untracked |  0
| 106|0x0000000086a00000, 0x0000000086b00000, 0x0000000086b00000|100%| O|  |TAMS 0x0000000086a00000| PB 0x0000000086a00000| Untracked |  0
| 107|0x0000000086b00000, 0x0000000086c00000, 0x0000000086c00000|100%| O|  |TAMS 0x0000000086b00000| PB 0x0000000086b00000| Untracked |  0
| 108|0x0000000086c00000, 0x0000000086d00000, 0x0000000086d00000|100%| O|  |TAMS 0x0000000086c00000| PB 0x0000000086c00000| Untracked |  0
| 109|0x0000000086d00000, 0x0000000086e00000, 0x0000000086e00000|100%| O|  |TAMS 0x0000000086d00000| PB 0x0000000086d00000| Untracked |  0
| 110|0x0000000086e00000, 0x0000000086f00000, 0x0000000086f00000|100%| O|  |TAMS 0x0000000086e00000| PB 0x0000000086e00000| Untracked |  0
| 111|0x0000000086f00000, 0x0000000087000000, 0x0000000087000000|100%| O|  |TAMS 0x0000000086f00000| PB 0x0000000086f00000| Untracked |  0
| 112|0x0000000087000000, 0x0000000087100000, 0x0000000087100000|100%| O|  |TAMS 0x0000000087000000| PB 0x0000000087000000| Untracked |  0
| 113|0x0000000087100000, 0x0000000087200000, 0x0000000087200000|100%| O|  |TAMS 0x0000000087100000| PB 0x0000000087100000| Untracked |  0
| 114|0x0000000087200000, 0x0000000087300000, 0x0000000087300000|100%|HS|  |TAMS 0x0000000087200000| PB 0x0000000087200000| Complete |  0
| 115|0x0000000087300000, 0x0000000087300000, 0x0000000087400000|  0%| F|  |TAMS 0x0000000087300000| PB 0x0000000087300000| Untracked |  0
| 116|0x0000000087400000, 0x0000000087500000, 0x0000000087500000|100%| O|  |TAMS 0x0000000087400000| PB 0x0000000087400000| Untracked |  0
| 117|0x0000000087500000, 0x0000000087600000, 0x0000000087600000|100%| O|  |TAMS 0x0000000087500000| PB 0x0000000087500000| Untracked |  0
| 118|0x0000000087600000, 0x0000000087700000, 0x0000000087700000|100%| O|  |TAMS 0x0000000087600000| PB 0x0000000087600000| Untracked |  0
| 119|0x0000000087700000, 0x0000000087700000, 0x0000000087800000|  0%| F|  |TAMS 0x0000000087700000| PB 0x0000000087700000| Untracked |  0
| 120|0x0000000087800000, 0x0000000087900000, 0x0000000087900000|100%| O|  |TAMS 0x0000000087800000| PB 0x0000000087800000| Untracked |  0
| 121|0x0000000087900000, 0x0000000087a00000, 0x0000000087a00000|100%| O|  |TAMS 0x0000000087900000| PB 0x0000000087900000| Untracked |  0
| 122|0x0000000087a00000, 0x0000000087a00000, 0x0000000087b00000|  0%| F|  |TAMS 0x0000000087a00000| PB 0x0000000087a00000| Untracked |  0
| 123|0x0000000087b00000, 0x0000000087c00000, 0x0000000087c00000|100%|HS|  |TAMS 0x0000000087b00000| PB 0x0000000087b00000| Complete |  0
| 124|0x0000000087c00000, 0x0000000087d00000, 0x0000000087d00000|100%| O|  |TAMS 0x0000000087c00000| PB 0x0000000087c00000| Untracked |  0
| 125|0x0000000087d00000, 0x0000000087e00000, 0x0000000087e00000|100%| O|  |TAMS 0x0000000087d00000| PB 0x0000000087d00000| Untracked |  0
| 126|0x0000000087e00000, 0x0000000087f00000, 0x0000000087f00000|100%| O|  |TAMS 0x0000000087e00000| PB 0x0000000087e00000| Untracked |  0
| 127|0x0000000087f00000, 0x0000000088000000, 0x0000000088000000|100%| O|  |TAMS 0x0000000087f00000| PB 0x0000000087f00000| Untracked |  0
| 128|0x0000000088000000, 0x0000000088100000, 0x0000000088100000|100%| O|  |TAMS 0x0000000088000000| PB 0x0000000088000000| Untracked |  0
| 129|0x0000000088100000, 0x0000000088200000, 0x0000000088200000|100%| O|  |TAMS 0x0000000088100000| PB 0x0000000088100000| Untracked |  0
| 130|0x0000000088200000, 0x0000000088300000, 0x0000000088300000|100%| O|  |TAMS 0x0000000088200000| PB 0x0000000088200000| Untracked |  0
| 131|0x0000000088300000, 0x0000000088400000, 0x0000000088400000|100%| O|  |TAMS 0x0000000088300000| PB 0x0000000088300000| Untracked |  0
| 132|0x0000000088400000, 0x0000000088500000, 0x0000000088500000|100%| O|  |TAMS 0x0000000088400000| PB 0x0000000088400000| Untracked |  0
| 133|0x0000000088500000, 0x0000000088600000, 0x0000000088600000|100%| O|  |TAMS 0x0000000088500000| PB 0x0000000088500000| Untracked |  0
| 134|0x0000000088600000, 0x0000000088700000, 0x0000000088700000|100%| O|  |TAMS 0x0000000088600000| PB 0x0000000088600000| Untracked |  0
| 135|0x0000000088700000, 0x0000000088800000, 0x0000000088800000|100%| O|  |TAMS 0x0000000088700000| PB 0x0000000088700000| Untracked |  0
| 136|0x0000000088800000, 0x0000000088900000, 0x0000000088900000|100%| O|  |TAMS 0x0000000088800000| PB 0x0000000088800000| Untracked |  0
| 137|0x0000000088900000, 0x0000000088a00000, 0x0000000088a00000|100%| O|  |TAMS 0x0000000088900000| PB 0x0000000088900000| Untracked |  0
| 138|0x0000000088a00000, 0x0000000088b00000, 0x0000000088b00000|100%| O|  |TAMS 0x0000000088a00000| PB 0x0000000088a00000| Untracked |  0
| 139|0x0000000088b00000, 0x0000000088b00000, 0x0000000088c00000|  0%| F|  |TAMS 0x0000000088b00000| PB 0x0000000088b00000| Untracked |  0
| 140|0x0000000088c00000, 0x0000000088c00000, 0x0000000088d00000|  0%| F|  |TAMS 0x0000000088c00000| PB 0x0000000088c00000| Untracked |  0
| 141|0x0000000088d00000, 0x0000000088e00000, 0x0000000088e00000|100%| O|  |TAMS 0x0000000088d00000| PB 0x0000000088d00000| Untracked |  0
| 142|0x0000000088e00000, 0x0000000088f00000, 0x0000000088f00000|100%| O|  |TAMS 0x0000000088e00000| PB 0x0000000088e00000| Untracked |  0
| 143|0x0000000088f00000, 0x0000000089000000, 0x0000000089000000|100%| O|  |TAMS 0x0000000088f00000| PB 0x0000000088f00000| Untracked |  0
| 144|0x0000000089000000, 0x0000000089100000, 0x0000000089100000|100%| O|  |TAMS 0x0000000089000000| PB 0x0000000089000000| Untracked |  0
| 145|0x0000000089100000, 0x0000000089200000, 0x0000000089200000|100%| O|  |TAMS 0x0000000089100000| PB 0x0000000089100000| Untracked |  0
| 146|0x0000000089200000, 0x0000000089300000, 0x0000000089300000|100%| O|  |TAMS 0x0000000089200000| PB 0x0000000089200000| Untracked |  0
| 147|0x0000000089300000, 0x0000000089400000, 0x0000000089400000|100%| O|  |TAMS 0x0000000089300000| PB 0x0000000089300000| Untracked |  0
| 148|0x0000000089400000, 0x0000000089500000, 0x0000000089500000|100%|HS|  |TAMS 0x0000000089400000| PB 0x0000000089400000| Complete |  0
| 149|0x0000000089500000, 0x0000000089600000, 0x0000000089600000|100%|HC|  |TAMS 0x0000000089500000| PB 0x0000000089500000| Complete |  0
| 150|0x0000000089600000, 0x0000000089700000, 0x0000000089700000|100%|HC|  |TAMS 0x0000000089600000| PB 0x0000000089600000| Complete |  0
| 151|0x0000000089700000, 0x0000000089800000, 0x0000000089800000|100%|HC|  |TAMS 0x0000000089700000| PB 0x0000000089700000| Complete |  0
| 152|0x0000000089800000, 0x0000000089900000, 0x0000000089900000|100%|HC|  |TAMS 0x0000000089800000| PB 0x0000000089800000| Complete |  0
| 153|0x0000000089900000, 0x0000000089a00000, 0x0000000089a00000|100%|HC|  |TAMS 0x0000000089900000| PB 0x0000000089900000| Complete |  0
| 154|0x0000000089a00000, 0x0000000089b00000, 0x0000000089b00000|100%|HC|  |TAMS 0x0000000089a00000| PB 0x0000000089a00000| Complete |  0
| 155|0x0000000089b00000, 0x0000000089c00000, 0x0000000089c00000|100%| O|  |TAMS 0x0000000089b00000| PB 0x0000000089b00000| Untracked |  0
| 156|0x0000000089c00000, 0x0000000089d00000, 0x0000000089d00000|100%| O|  |TAMS 0x0000000089c00000| PB 0x0000000089c00000| Untracked |  0
| 157|0x0000000089d00000, 0x0000000089e00000, 0x0000000089e00000|100%| O|  |TAMS 0x0000000089d00000| PB 0x0000000089d00000| Untracked |  0
| 158|0x0000000089e00000, 0x0000000089e00000, 0x0000000089f00000|  0%| F|  |TAMS 0x0000000089e00000| PB 0x0000000089e00000| Untracked |  0
| 159|0x0000000089f00000, 0x000000008a000000, 0x000000008a000000|100%| O|  |TAMS 0x0000000089f00000| PB 0x0000000089f00000| Untracked |  0
| 160|0x000000008a000000, 0x000000008a100000, 0x000000008a100000|100%| O|  |TAMS 0x000000008a000000| PB 0x000000008a000000| Untracked |  0
| 161|0x000000008a100000, 0x000000008a200000, 0x000000008a200000|100%| O|  |TAMS 0x000000008a100000| PB 0x000000008a100000| Untracked |  0
| 162|0x000000008a200000, 0x000000008a300000, 0x000000008a300000|100%| O|  |TAMS 0x000000008a200000| PB 0x000000008a200000| Untracked |  0
| 163|0x000000008a300000, 0x000000008a400000, 0x000000008a400000|100%| O|  |TAMS 0x000000008a300000| PB 0x000000008a300000| Untracked |  0
| 164|0x000000008a400000, 0x000000008a500000, 0x000000008a500000|100%| O|  |TAMS 0x000000008a400000| PB 0x000000008a400000| Untracked |  0
| 165|0x000000008a500000, 0x000000008a600000, 0x000000008a600000|100%| O|  |TAMS 0x000000008a500000| PB 0x000000008a500000| Untracked |  0
| 166|0x000000008a600000, 0x000000008a700000, 0x000000008a700000|100%| O|  |TAMS 0x000000008a600000| PB 0x000000008a600000| Untracked |  0
| 167|0x000000008a700000, 0x000000008a800000, 0x000000008a800000|100%| O|  |TAMS 0x000000008a700000| PB 0x000000008a700000| Untracked |  0
| 168|0x000000008a800000, 0x000000008a900000, 0x000000008a900000|100%| O|  |TAMS 0x000000008a800000| PB 0x000000008a800000| Untracked |  0
| 169|0x000000008a900000, 0x000000008aa00000, 0x000000008aa00000|100%| O|  |TAMS 0x000000008a900000| PB 0x000000008a900000| Untracked |  0
| 170|0x000000008aa00000, 0x000000008ab00000, 0x000000008ab00000|100%| O|  |TAMS 0x000000008aa00000| PB 0x000000008aa00000| Untracked |  0
| 171|0x000000008ab00000, 0x000000008ac00000, 0x000000008ac00000|100%| O|  |TAMS 0x000000008ab00000| PB 0x000000008ab00000| Untracked |  0
| 172|0x000000008ac00000, 0x000000008ad00000, 0x000000008ad00000|100%| O|  |TAMS 0x000000008ac00000| PB 0x000000008ac00000| Untracked |  0
| 173|0x000000008ad00000, 0x000000008ae00000, 0x000000008ae00000|100%| O|  |TAMS 0x000000008ad00000| PB 0x000000008ad00000| Untracked |  0
| 174|0x000000008ae00000, 0x000000008af00000, 0x000000008af00000|100%| O|  |TAMS 0x000000008ae00000| PB 0x000000008ae00000| Untracked |  0
| 175|0x000000008af00000, 0x000000008b000000, 0x000000008b000000|100%| O|  |TAMS 0x000000008af00000| PB 0x000000008af00000| Untracked |  0
| 176|0x000000008b000000, 0x000000008b100000, 0x000000008b100000|100%| O|  |TAMS 0x000000008b000000| PB 0x000000008b000000| Untracked |  0
| 177|0x000000008b100000, 0x000000008b200000, 0x000000008b200000|100%| O|  |TAMS 0x000000008b100000| PB 0x000000008b100000| Untracked |  0
| 178|0x000000008b200000, 0x000000008b300000, 0x000000008b300000|100%| O|  |TAMS 0x000000008b200000| PB 0x000000008b200000| Untracked |  0
| 179|0x000000008b300000, 0x000000008b400000, 0x000000008b400000|100%| O|  |TAMS 0x000000008b300000| PB 0x000000008b300000| Untracked |  0
| 180|0x000000008b400000, 0x000000008b500000, 0x000000008b500000|100%| O|  |TAMS 0x000000008b400000| PB 0x000000008b400000| Untracked |  0
| 181|0x000000008b500000, 0x000000008b600000, 0x000000008b600000|100%| O|  |TAMS 0x000000008b500000| PB 0x000000008b500000| Untracked |  0
| 182|0x000000008b600000, 0x000000008b700000, 0x000000008b700000|100%| O|  |TAMS 0x000000008b600000| PB 0x000000008b600000| Untracked |  0
| 183|0x000000008b700000, 0x000000008b800000, 0x000000008b800000|100%| O|  |TAMS 0x000000008b700000| PB 0x000000008b700000| Untracked |  0
| 184|0x000000008b800000, 0x000000008b900000, 0x000000008b900000|100%| O|  |TAMS 0x000000008b800000| PB 0x000000008b800000| Untracked |  0
| 185|0x000000008b900000, 0x000000008ba00000, 0x000000008ba00000|100%| O|  |TAMS 0x000000008b900000| PB 0x000000008b900000| Untracked |  0
| 186|0x000000008ba00000, 0x000000008bb00000, 0x000000008bb00000|100%| O|  |TAMS 0x000000008ba00000| PB 0x000000008ba00000| Untracked |  0
| 187|0x000000008bb00000, 0x000000008bb00000, 0x000000008bc00000|  0%| F|  |TAMS 0x000000008bb00000| PB 0x000000008bb00000| Untracked |  0
| 188|0x000000008bc00000, 0x000000008bd00000, 0x000000008bd00000|100%|HS|  |TAMS 0x000000008bc00000| PB 0x000000008bc00000| Complete |  0
| 189|0x000000008bd00000, 0x000000008be00000, 0x000000008be00000|100%|HC|  |TAMS 0x000000008bd00000| PB 0x000000008bd00000| Complete |  0
| 190|0x000000008be00000, 0x000000008bf00000, 0x000000008bf00000|100%|HC|  |TAMS 0x000000008be00000| PB 0x000000008be00000| Complete |  0
| 191|0x000000008bf00000, 0x000000008c000000, 0x000000008c000000|100%|HC|  |TAMS 0x000000008bf00000| PB 0x000000008bf00000| Complete |  0
| 192|0x000000008c000000, 0x000000008c100000, 0x000000008c100000|100%|HC|  |TAMS 0x000000008c000000| PB 0x000000008c000000| Complete |  0
| 193|0x000000008c100000, 0x000000008c200000, 0x000000008c200000|100%| O|  |TAMS 0x000000008c100000| PB 0x000000008c100000| Untracked |  0
| 194|0x000000008c200000, 0x000000008c300000, 0x000000008c300000|100%| O|  |TAMS 0x000000008c200000| PB 0x000000008c200000| Untracked |  0
| 195|0x000000008c300000, 0x000000008c400000, 0x000000008c400000|100%| O|  |TAMS 0x000000008c300000| PB 0x000000008c300000| Untracked |  0
| 196|0x000000008c400000, 0x000000008c500000, 0x000000008c500000|100%| O|  |TAMS 0x000000008c400000| PB 0x000000008c400000| Untracked |  0
| 197|0x000000008c500000, 0x000000008c600000, 0x000000008c600000|100%| O|  |TAMS 0x000000008c500000| PB 0x000000008c500000| Untracked |  0
| 198|0x000000008c600000, 0x000000008c700000, 0x000000008c700000|100%| O|  |TAMS 0x000000008c600000| PB 0x000000008c600000| Untracked |  0
| 199|0x000000008c700000, 0x000000008c800000, 0x000000008c800000|100%| O|  |TAMS 0x000000008c700000| PB 0x000000008c700000| Untracked |  0
| 200|0x000000008c800000, 0x000000008c900000, 0x000000008c900000|100%| O|  |TAMS 0x000000008c800000| PB 0x000000008c800000| Untracked |  0
| 201|0x000000008c900000, 0x000000008ca00000, 0x000000008ca00000|100%| O|  |TAMS 0x000000008c900000| PB 0x000000008c900000| Untracked |  0
| 202|0x000000008ca00000, 0x000000008cb00000, 0x000000008cb00000|100%| O|  |TAMS 0x000000008ca00000| PB 0x000000008ca00000| Untracked |  0
| 203|0x000000008cb00000, 0x000000008cc00000, 0x000000008cc00000|100%| O|  |TAMS 0x000000008cb00000| PB 0x000000008cb00000| Untracked |  0
| 204|0x000000008cc00000, 0x000000008cd00000, 0x000000008cd00000|100%| O|  |TAMS 0x000000008cc00000| PB 0x000000008cc00000| Untracked |  0
| 205|0x000000008cd00000, 0x000000008ce00000, 0x000000008ce00000|100%| O|  |TAMS 0x000000008cd00000| PB 0x000000008cd00000| Untracked |  0
| 206|0x000000008ce00000, 0x000000008cf00000, 0x000000008cf00000|100%| O|  |TAMS 0x000000008ce00000| PB 0x000000008ce00000| Untracked |  0
| 207|0x000000008cf00000, 0x000000008d000000, 0x000000008d000000|100%| O|  |TAMS 0x000000008cf00000| PB 0x000000008cf00000| Untracked |  0
| 208|0x000000008d000000, 0x000000008d100000, 0x000000008d100000|100%| O|  |TAMS 0x000000008d000000| PB 0x000000008d000000| Untracked |  0
| 209|0x000000008d100000, 0x000000008d200000, 0x000000008d200000|100%| O|  |TAMS 0x000000008d100000| PB 0x000000008d100000| Untracked |  0
| 210|0x000000008d200000, 0x000000008d300000, 0x000000008d300000|100%| O|  |TAMS 0x000000008d200000| PB 0x000000008d200000| Untracked |  0
| 211|0x000000008d300000, 0x000000008d400000, 0x000000008d400000|100%| O|  |TAMS 0x000000008d300000| PB 0x000000008d300000| Untracked |  0
| 212|0x000000008d400000, 0x000000008d500000, 0x000000008d500000|100%| O|  |TAMS 0x000000008d400000| PB 0x000000008d400000| Untracked |  0
| 213|0x000000008d500000, 0x000000008d600000, 0x000000008d600000|100%| O|  |TAMS 0x000000008d500000| PB 0x000000008d500000| Untracked |  0
| 214|0x000000008d600000, 0x000000008d700000, 0x000000008d700000|100%| O|  |TAMS 0x000000008d600000| PB 0x000000008d600000| Untracked |  0
| 215|0x000000008d700000, 0x000000008d800000, 0x000000008d800000|100%| O|  |TAMS 0x000000008d700000| PB 0x000000008d700000| Untracked |  0
| 216|0x000000008d800000, 0x000000008d900000, 0x000000008d900000|100%| O|  |TAMS 0x000000008d800000| PB 0x000000008d800000| Untracked |  0
| 217|0x000000008d900000, 0x000000008da00000, 0x000000008da00000|100%| O|  |TAMS 0x000000008d900000| PB 0x000000008d900000| Untracked |  0
| 218|0x000000008da00000, 0x000000008db00000, 0x000000008db00000|100%| O|  |TAMS 0x000000008da00000| PB 0x000000008da00000| Untracked |  0
| 219|0x000000008db00000, 0x000000008dc00000, 0x000000008dc00000|100%| O|  |TAMS 0x000000008db00000| PB 0x000000008db00000| Untracked |  0
| 220|0x000000008dc00000, 0x000000008dd00000, 0x000000008dd00000|100%| O|  |TAMS 0x000000008dc00000| PB 0x000000008dc00000| Untracked |  0
| 221|0x000000008dd00000, 0x000000008de00000, 0x000000008de00000|100%| O|  |TAMS 0x000000008dd00000| PB 0x000000008dd00000| Untracked |  0
| 222|0x000000008de00000, 0x000000008df00000, 0x000000008df00000|100%| O|  |TAMS 0x000000008de00000| PB 0x000000008de00000| Untracked |  0
| 223|0x000000008df00000, 0x000000008e000000, 0x000000008e000000|100%| O|  |TAMS 0x000000008df00000| PB 0x000000008df00000| Untracked |  0
| 224|0x000000008e000000, 0x000000008e100000, 0x000000008e100000|100%| O|  |TAMS 0x000000008e000000| PB 0x000000008e000000| Untracked |  0
| 225|0x000000008e100000, 0x000000008e200000, 0x000000008e200000|100%| O|  |TAMS 0x000000008e100000| PB 0x000000008e100000| Untracked |  0
| 226|0x000000008e200000, 0x000000008e300000, 0x000000008e300000|100%| O|  |TAMS 0x000000008e200000| PB 0x000000008e200000| Untracked |  0
| 227|0x000000008e300000, 0x000000008e400000, 0x000000008e400000|100%| O|  |TAMS 0x000000008e300000| PB 0x000000008e300000| Untracked |  0
| 228|0x000000008e400000, 0x000000008e500000, 0x000000008e500000|100%| O|  |TAMS 0x000000008e400000| PB 0x000000008e400000| Untracked |  0
| 229|0x000000008e500000, 0x000000008e600000, 0x000000008e600000|100%| O|  |TAMS 0x000000008e500000| PB 0x000000008e500000| Untracked |  0
| 230|0x000000008e600000, 0x000000008e700000, 0x000000008e700000|100%| O|  |TAMS 0x000000008e600000| PB 0x000000008e600000| Untracked |  0
| 231|0x000000008e700000, 0x000000008e800000, 0x000000008e800000|100%| O|  |TAMS 0x000000008e700000| PB 0x000000008e700000| Untracked |  0
| 232|0x000000008e800000, 0x000000008e900000, 0x000000008e900000|100%| O|  |TAMS 0x000000008e800000| PB 0x000000008e800000| Untracked |  0
| 233|0x000000008e900000, 0x000000008ea00000, 0x000000008ea00000|100%| O|  |TAMS 0x000000008e900000| PB 0x000000008e900000| Untracked |  0
| 234|0x000000008ea00000, 0x000000008eb00000, 0x000000008eb00000|100%| O|  |TAMS 0x000000008ea00000| PB 0x000000008ea00000| Untracked |  0
| 235|0x000000008eb00000, 0x000000008ec00000, 0x000000008ec00000|100%| O|  |TAMS 0x000000008eb00000| PB 0x000000008eb00000| Untracked |  0
| 236|0x000000008ec00000, 0x000000008ed00000, 0x000000008ed00000|100%| O|  |TAMS 0x000000008ec00000| PB 0x000000008ec00000| Untracked |  0
| 237|0x000000008ed00000, 0x000000008ee00000, 0x000000008ee00000|100%| O|  |TAMS 0x000000008ed00000| PB 0x000000008ed00000| Untracked |  0
| 238|0x000000008ee00000, 0x000000008ef00000, 0x000000008ef00000|100%| O|  |TAMS 0x000000008ee00000| PB 0x000000008ee00000| Untracked |  0
| 239|0x000000008ef00000, 0x000000008f000000, 0x000000008f000000|100%| O|  |TAMS 0x000000008ef00000| PB 0x000000008ef00000| Untracked |  0
| 240|0x000000008f000000, 0x000000008f100000, 0x000000008f100000|100%| O|  |TAMS 0x000000008f000000| PB 0x000000008f000000| Untracked |  0
| 241|0x000000008f100000, 0x000000008f200000, 0x000000008f200000|100%| O|  |TAMS 0x000000008f100000| PB 0x000000008f100000| Untracked |  0
| 242|0x000000008f200000, 0x000000008f300000, 0x000000008f300000|100%| O|  |TAMS 0x000000008f200000| PB 0x000000008f200000| Untracked |  0
| 243|0x000000008f300000, 0x000000008f400000, 0x000000008f400000|100%| O|  |TAMS 0x000000008f300000| PB 0x000000008f300000| Untracked |  0
| 244|0x000000008f400000, 0x000000008f500000, 0x000000008f500000|100%| O|  |TAMS 0x000000008f400000| PB 0x000000008f400000| Untracked |  0
| 245|0x000000008f500000, 0x000000008f600000, 0x000000008f600000|100%| O|  |TAMS 0x000000008f500000| PB 0x000000008f500000| Untracked |  0
| 246|0x000000008f600000, 0x000000008f700000, 0x000000008f700000|100%| O|  |TAMS 0x000000008f600000| PB 0x000000008f600000| Untracked |  0
| 247|0x000000008f700000, 0x000000008f800000, 0x000000008f800000|100%| O|  |TAMS 0x000000008f700000| PB 0x000000008f700000| Untracked |  0
| 248|0x000000008f800000, 0x000000008f900000, 0x000000008f900000|100%| O|  |TAMS 0x000000008f800000| PB 0x000000008f800000| Untracked |  0
| 249|0x000000008f900000, 0x000000008fa00000, 0x000000008fa00000|100%| O|  |TAMS 0x000000008f900000| PB 0x000000008f900000| Untracked |  0
| 250|0x000000008fa00000, 0x000000008fb00000, 0x000000008fb00000|100%| O|  |TAMS 0x000000008fa00000| PB 0x000000008fa00000| Untracked |  0
| 251|0x000000008fb00000, 0x000000008fb00000, 0x000000008fc00000|  0%| F|  |TAMS 0x000000008fb00000| PB 0x000000008fb00000| Untracked |  0
| 252|0x000000008fc00000, 0x000000008fd00000, 0x000000008fd00000|100%| O|  |TAMS 0x000000008fc00000| PB 0x000000008fc00000| Untracked |  0
| 253|0x000000008fd00000, 0x000000008fe00000, 0x000000008fe00000|100%| O|  |TAMS 0x000000008fd00000| PB 0x000000008fd00000| Untracked |  0
| 254|0x000000008fe00000, 0x000000008ff00000, 0x000000008ff00000|100%| O|  |TAMS 0x000000008fe00000| PB 0x000000008fe00000| Untracked |  0
| 255|0x000000008ff00000, 0x0000000090000000, 0x0000000090000000|100%| O|  |TAMS 0x000000008ff00000| PB 0x000000008ff00000| Untracked |  0
| 256|0x0000000090000000, 0x0000000090100000, 0x0000000090100000|100%| O|  |TAMS 0x0000000090000000| PB 0x0000000090000000| Untracked |  0
| 257|0x0000000090100000, 0x0000000090200000, 0x0000000090200000|100%| O|  |TAMS 0x0000000090100000| PB 0x0000000090100000| Untracked |  0
| 258|0x0000000090200000, 0x0000000090300000, 0x0000000090300000|100%| O|  |TAMS 0x0000000090200000| PB 0x0000000090200000| Untracked |  0
| 259|0x0000000090300000, 0x0000000090400000, 0x0000000090400000|100%| O|  |TAMS 0x0000000090300000| PB 0x0000000090300000| Untracked |  0
| 260|0x0000000090400000, 0x0000000090500000, 0x0000000090500000|100%| O|  |TAMS 0x0000000090400000| PB 0x0000000090400000| Untracked |  0
| 261|0x0000000090500000, 0x0000000090600000, 0x0000000090600000|100%| O|  |TAMS 0x0000000090500000| PB 0x0000000090500000| Untracked |  0
| 262|0x0000000090600000, 0x0000000090700000, 0x0000000090700000|100%| O|  |TAMS 0x0000000090600000| PB 0x0000000090600000| Untracked |  0
| 263|0x0000000090700000, 0x0000000090800000, 0x0000000090800000|100%| O|  |TAMS 0x0000000090700000| PB 0x0000000090700000| Untracked |  0
| 264|0x0000000090800000, 0x0000000090900000, 0x0000000090900000|100%| O|  |TAMS 0x0000000090800000| PB 0x0000000090800000| Untracked |  0
| 265|0x0000000090900000, 0x0000000090a00000, 0x0000000090a00000|100%| O|  |TAMS 0x0000000090900000| PB 0x0000000090900000| Untracked |  0
| 266|0x0000000090a00000, 0x0000000090b00000, 0x0000000090b00000|100%| O|  |TAMS 0x0000000090a00000| PB 0x0000000090a00000| Untracked |  0
| 267|0x0000000090b00000, 0x0000000090c00000, 0x0000000090c00000|100%| O|  |TAMS 0x0000000090b00000| PB 0x0000000090b00000| Untracked |  0
| 268|0x0000000090c00000, 0x0000000090d00000, 0x0000000090d00000|100%| O|  |TAMS 0x0000000090c00000| PB 0x0000000090c00000| Untracked |  0
| 269|0x0000000090d00000, 0x0000000090e00000, 0x0000000090e00000|100%| O|  |TAMS 0x0000000090d00000| PB 0x0000000090d00000| Untracked |  0
| 270|0x0000000090e00000, 0x0000000090f00000, 0x0000000090f00000|100%| O|  |TAMS 0x0000000090e00000| PB 0x0000000090e00000| Untracked |  0
| 271|0x0000000090f00000, 0x0000000091000000, 0x0000000091000000|100%| O|  |TAMS 0x0000000090f00000| PB 0x0000000090f00000| Untracked |  0
| 272|0x0000000091000000, 0x0000000091100000, 0x0000000091100000|100%| O|  |TAMS 0x0000000091000000| PB 0x0000000091000000| Untracked |  0
| 273|0x0000000091100000, 0x0000000091200000, 0x0000000091200000|100%| O|  |TAMS 0x0000000091100000| PB 0x0000000091100000| Untracked |  0
| 274|0x0000000091200000, 0x0000000091300000, 0x0000000091300000|100%| O|  |TAMS 0x0000000091200000| PB 0x0000000091200000| Untracked |  0
| 275|0x0000000091300000, 0x0000000091400000, 0x0000000091400000|100%| O|  |TAMS 0x0000000091300000| PB 0x0000000091300000| Untracked |  0
| 276|0x0000000091400000, 0x0000000091500000, 0x0000000091500000|100%| O|  |TAMS 0x0000000091400000| PB 0x0000000091400000| Untracked |  0
| 277|0x0000000091500000, 0x0000000091600000, 0x0000000091600000|100%| O|  |TAMS 0x0000000091500000| PB 0x0000000091500000| Untracked |  0
| 278|0x0000000091600000, 0x0000000091700000, 0x0000000091700000|100%| O|  |TAMS 0x0000000091600000| PB 0x0000000091600000| Untracked |  0
| 279|0x0000000091700000, 0x0000000091800000, 0x0000000091800000|100%| O|  |TAMS 0x0000000091700000| PB 0x0000000091700000| Untracked |  0
| 280|0x0000000091800000, 0x0000000091900000, 0x0000000091900000|100%| O|  |TAMS 0x0000000091800000| PB 0x0000000091800000| Untracked |  0
| 281|0x0000000091900000, 0x0000000091a00000, 0x0000000091a00000|100%| O|  |TAMS 0x0000000091900000| PB 0x0000000091900000| Untracked |  0
| 282|0x0000000091a00000, 0x0000000091b00000, 0x0000000091b00000|100%| O|  |TAMS 0x0000000091a00000| PB 0x0000000091a00000| Untracked |  0
| 283|0x0000000091b00000, 0x0000000091c00000, 0x0000000091c00000|100%| O|  |TAMS 0x0000000091b00000| PB 0x0000000091b00000| Untracked |  0
| 284|0x0000000091c00000, 0x0000000091d00000, 0x0000000091d00000|100%| O|  |TAMS 0x0000000091c00000| PB 0x0000000091c00000| Untracked |  0
| 285|0x0000000091d00000, 0x0000000091e00000, 0x0000000091e00000|100%| O|  |TAMS 0x0000000091d00000| PB 0x0000000091d00000| Untracked |  0
| 286|0x0000000091e00000, 0x0000000091f00000, 0x0000000091f00000|100%| O|  |TAMS 0x0000000091e00000| PB 0x0000000091e00000| Untracked |  0
| 287|0x0000000091f00000, 0x0000000092000000, 0x0000000092000000|100%| O|  |TAMS 0x0000000091f00000| PB 0x0000000091f00000| Untracked |  0
| 288|0x0000000092000000, 0x0000000092100000, 0x0000000092100000|100%| O|  |TAMS 0x0000000092000000| PB 0x0000000092000000| Untracked |  0
| 289|0x0000000092100000, 0x0000000092200000, 0x0000000092200000|100%| O|  |TAMS 0x0000000092100000| PB 0x0000000092100000| Untracked |  0
| 290|0x0000000092200000, 0x0000000092300000, 0x0000000092300000|100%| O|  |TAMS 0x0000000092200000| PB 0x0000000092200000| Untracked |  0
| 291|0x0000000092300000, 0x0000000092400000, 0x0000000092400000|100%| O|  |TAMS 0x0000000092300000| PB 0x0000000092300000| Untracked |  0
| 292|0x0000000092400000, 0x0000000092500000, 0x0000000092500000|100%| O|  |TAMS 0x0000000092400000| PB 0x0000000092400000| Untracked |  0
| 293|0x0000000092500000, 0x0000000092600000, 0x0000000092600000|100%| O|  |TAMS 0x0000000092500000| PB 0x0000000092500000| Untracked |  0
| 294|0x0000000092600000, 0x0000000092700000, 0x0000000092700000|100%| O|  |TAMS 0x0000000092600000| PB 0x0000000092600000| Untracked |  0
| 295|0x0000000092700000, 0x0000000092800000, 0x0000000092800000|100%| O|  |TAMS 0x0000000092700000| PB 0x0000000092700000| Untracked |  0
| 296|0x0000000092800000, 0x0000000092900000, 0x0000000092900000|100%| O|  |TAMS 0x0000000092800000| PB 0x0000000092800000| Untracked |  0
| 297|0x0000000092900000, 0x0000000092a00000, 0x0000000092a00000|100%| O|  |TAMS 0x0000000092900000| PB 0x0000000092900000| Untracked |  0
| 298|0x0000000092a00000, 0x0000000092b00000, 0x0000000092b00000|100%| O|  |TAMS 0x0000000092a00000| PB 0x0000000092a00000| Untracked |  0
| 299|0x0000000092b00000, 0x0000000092b00000, 0x0000000092c00000|  0%| F|  |TAMS 0x0000000092b00000| PB 0x0000000092b00000| Untracked |  0
| 300|0x0000000092c00000, 0x0000000092d00000, 0x0000000092d00000|100%| O|  |TAMS 0x0000000092c00000| PB 0x0000000092c00000| Untracked |  0
| 301|0x0000000092d00000, 0x0000000092e00000, 0x0000000092e00000|100%| O|  |TAMS 0x0000000092d00000| PB 0x0000000092d00000| Untracked |  0
| 302|0x0000000092e00000, 0x0000000092f00000, 0x0000000092f00000|100%| O|  |TAMS 0x0000000092e00000| PB 0x0000000092e00000| Untracked |  0
| 303|0x0000000092f00000, 0x0000000093000000, 0x0000000093000000|100%| O|  |TAMS 0x0000000092f00000| PB 0x0000000092f00000| Untracked |  0
| 304|0x0000000093000000, 0x0000000093100000, 0x0000000093100000|100%| O|  |TAMS 0x0000000093000000| PB 0x0000000093000000| Untracked |  0
| 305|0x0000000093100000, 0x0000000093200000, 0x0000000093200000|100%| O|  |TAMS 0x0000000093100000| PB 0x0000000093100000| Untracked |  0
| 306|0x0000000093200000, 0x0000000093300000, 0x0000000093300000|100%| O|  |TAMS 0x0000000093200000| PB 0x0000000093200000| Untracked |  0
| 307|0x0000000093300000, 0x0000000093400000, 0x0000000093400000|100%| O|  |TAMS 0x0000000093300000| PB 0x0000000093300000| Untracked |  0
| 308|0x0000000093400000, 0x0000000093500000, 0x0000000093500000|100%| O|  |TAMS 0x0000000093400000| PB 0x0000000093400000| Untracked |  0
| 309|0x0000000093500000, 0x0000000093600000, 0x0000000093600000|100%| O|  |TAMS 0x0000000093500000| PB 0x0000000093500000| Untracked |  0
| 310|0x0000000093600000, 0x0000000093700000, 0x0000000093700000|100%| O|  |TAMS 0x0000000093600000| PB 0x0000000093600000| Untracked |  0
| 311|0x0000000093700000, 0x0000000093800000, 0x0000000093800000|100%| O|  |TAMS 0x0000000093700000| PB 0x0000000093700000| Untracked |  0
| 312|0x0000000093800000, 0x0000000093900000, 0x0000000093900000|100%| O|  |TAMS 0x0000000093800000| PB 0x0000000093800000| Untracked |  0
| 313|0x0000000093900000, 0x0000000093a00000, 0x0000000093a00000|100%| O|  |TAMS 0x0000000093900000| PB 0x0000000093900000| Untracked |  0
| 314|0x0000000093a00000, 0x0000000093b00000, 0x0000000093b00000|100%| O|  |TAMS 0x0000000093a00000| PB 0x0000000093a00000| Untracked |  0
| 315|0x0000000093b00000, 0x0000000093c00000, 0x0000000093c00000|100%| O|  |TAMS 0x0000000093b00000| PB 0x0000000093b00000| Untracked |  0
| 316|0x0000000093c00000, 0x0000000093d00000, 0x0000000093d00000|100%| O|  |TAMS 0x0000000093c00000| PB 0x0000000093c00000| Untracked |  0
| 317|0x0000000093d00000, 0x0000000093e00000, 0x0000000093e00000|100%| O|  |TAMS 0x0000000093d00000| PB 0x0000000093d00000| Untracked |  0
| 318|0x0000000093e00000, 0x0000000093f00000, 0x0000000093f00000|100%| O|  |TAMS 0x0000000093e00000| PB 0x0000000093e00000| Untracked |  0
| 319|0x0000000093f00000, 0x0000000094000000, 0x0000000094000000|100%| O|  |TAMS 0x0000000093f00000| PB 0x0000000093f00000| Untracked |  0
| 320|0x0000000094000000, 0x0000000094100000, 0x0000000094100000|100%| O|  |TAMS 0x0000000094000000| PB 0x0000000094000000| Untracked |  0
| 321|0x0000000094100000, 0x0000000094200000, 0x0000000094200000|100%| O|  |TAMS 0x0000000094100000| PB 0x0000000094100000| Untracked |  0
| 322|0x0000000094200000, 0x0000000094300000, 0x0000000094300000|100%| O|  |TAMS 0x0000000094200000| PB 0x0000000094200000| Untracked |  0
| 323|0x0000000094300000, 0x0000000094400000, 0x0000000094400000|100%| O|  |TAMS 0x0000000094300000| PB 0x0000000094300000| Untracked |  0
| 324|0x0000000094400000, 0x0000000094500000, 0x0000000094500000|100%| O|  |TAMS 0x0000000094400000| PB 0x0000000094400000| Untracked |  0
| 325|0x0000000094500000, 0x0000000094600000, 0x0000000094600000|100%| O|  |TAMS 0x0000000094500000| PB 0x0000000094500000| Untracked |  0
| 326|0x0000000094600000, 0x0000000094700000, 0x0000000094700000|100%| O|  |TAMS 0x0000000094600000| PB 0x0000000094600000| Untracked |  0
| 327|0x0000000094700000, 0x0000000094800000, 0x0000000094800000|100%| O|  |TAMS 0x0000000094700000| PB 0x0000000094700000| Untracked |  0
| 328|0x0000000094800000, 0x0000000094900000, 0x0000000094900000|100%| O|  |TAMS 0x0000000094800000| PB 0x0000000094800000| Untracked |  0
| 329|0x0000000094900000, 0x0000000094a00000, 0x0000000094a00000|100%| O|  |TAMS 0x0000000094900000| PB 0x0000000094900000| Untracked |  0
| 330|0x0000000094a00000, 0x0000000094b00000, 0x0000000094b00000|100%| O|  |TAMS 0x0000000094a00000| PB 0x0000000094a00000| Untracked |  0
| 331|0x0000000094b00000, 0x0000000094b00000, 0x0000000094c00000|  0%| F|  |TAMS 0x0000000094b00000| PB 0x0000000094b00000| Untracked |  0
| 332|0x0000000094c00000, 0x0000000094d00000, 0x0000000094d00000|100%| O|  |TAMS 0x0000000094c00000| PB 0x0000000094c00000| Untracked |  0
| 333|0x0000000094d00000, 0x0000000094d00000, 0x0000000094e00000|  0%| F|  |TAMS 0x0000000094d00000| PB 0x0000000094d00000| Untracked |  0
| 334|0x0000000094e00000, 0x0000000094f00000, 0x0000000094f00000|100%|HS|  |TAMS 0x0000000094e00000| PB 0x0000000094e00000| Complete |  0
| 335|0x0000000094f00000, 0x0000000094f00000, 0x0000000095000000|  0%| F|  |TAMS 0x0000000094f00000| PB 0x0000000094f00000| Untracked |  0
| 336|0x0000000095000000, 0x0000000095000000, 0x0000000095100000|  0%| F|  |TAMS 0x0000000095000000| PB 0x0000000095000000| Untracked |  0
| 337|0x0000000095100000, 0x0000000095100000, 0x0000000095200000|  0%| F|  |TAMS 0x0000000095100000| PB 0x0000000095100000| Untracked |  0
| 338|0x0000000095200000, 0x0000000095200000, 0x0000000095300000|  0%| F|  |TAMS 0x0000000095200000| PB 0x0000000095200000| Untracked |  0
| 339|0x0000000095300000, 0x0000000095300000, 0x0000000095400000|  0%| F|  |TAMS 0x0000000095300000| PB 0x0000000095300000| Untracked |  0
| 340|0x0000000095400000, 0x0000000095400000, 0x0000000095500000|  0%| F|  |TAMS 0x0000000095400000| PB 0x0000000095400000| Untracked |  0
| 341|0x0000000095500000, 0x0000000095500000, 0x0000000095600000|  0%| F|  |TAMS 0x0000000095500000| PB 0x0000000095500000| Untracked |  0
| 342|0x0000000095600000, 0x0000000095600000, 0x0000000095700000|  0%| F|  |TAMS 0x0000000095600000| PB 0x0000000095600000| Untracked |  0
| 343|0x0000000095700000, 0x0000000095700000, 0x0000000095800000|  0%| F|  |TAMS 0x0000000095700000| PB 0x0000000095700000| Untracked |  0
| 344|0x0000000095800000, 0x0000000095800000, 0x0000000095900000|  0%| F|  |TAMS 0x0000000095800000| PB 0x0000000095800000| Untracked |  0
| 345|0x0000000095900000, 0x0000000095900000, 0x0000000095a00000|  0%| F|  |TAMS 0x0000000095900000| PB 0x0000000095900000| Untracked |  0
| 346|0x0000000095a00000, 0x0000000095a00000, 0x0000000095b00000|  0%| F|  |TAMS 0x0000000095a00000| PB 0x0000000095a00000| Untracked |  0
| 347|0x0000000095b00000, 0x0000000095b00000, 0x0000000095c00000|  0%| F|  |TAMS 0x0000000095b00000| PB 0x0000000095b00000| Untracked |  0
| 348|0x0000000095c00000, 0x0000000095c00000, 0x0000000095d00000|  0%| F|  |TAMS 0x0000000095c00000| PB 0x0000000095c00000| Untracked |  0
| 349|0x0000000095d00000, 0x0000000095d00000, 0x0000000095e00000|  0%| F|  |TAMS 0x0000000095d00000| PB 0x0000000095d00000| Untracked |  0
| 350|0x0000000095e00000, 0x0000000095e00000, 0x0000000095f00000|  0%| F|  |TAMS 0x0000000095e00000| PB 0x0000000095e00000| Untracked |  0
| 351|0x0000000095f00000, 0x0000000095f00000, 0x0000000096000000|  0%| F|  |TAMS 0x0000000095f00000| PB 0x0000000095f00000| Untracked |  0
| 352|0x0000000096000000, 0x0000000096000000, 0x0000000096100000|  0%| F|  |TAMS 0x0000000096000000| PB 0x0000000096000000| Untracked |  0
| 353|0x0000000096100000, 0x0000000096100000, 0x0000000096200000|  0%| F|  |TAMS 0x0000000096100000| PB 0x0000000096100000| Untracked |  0
| 354|0x0000000096200000, 0x0000000096200000, 0x0000000096300000|  0%| F|  |TAMS 0x0000000096200000| PB 0x0000000096200000| Untracked |  0
| 355|0x0000000096300000, 0x0000000096300000, 0x0000000096400000|  0%| F|  |TAMS 0x0000000096300000| PB 0x0000000096300000| Untracked |  0
| 356|0x0000000096400000, 0x0000000096400000, 0x0000000096500000|  0%| F|  |TAMS 0x0000000096400000| PB 0x0000000096400000| Untracked |  0
| 357|0x0000000096500000, 0x0000000096500000, 0x0000000096600000|  0%| F|  |TAMS 0x0000000096500000| PB 0x0000000096500000| Untracked |  0
| 358|0x0000000096600000, 0x0000000096600000, 0x0000000096700000|  0%| F|  |TAMS 0x0000000096600000| PB 0x0000000096600000| Untracked |  0
| 359|0x0000000096700000, 0x0000000096700000, 0x0000000096800000|  0%| F|  |TAMS 0x0000000096700000| PB 0x0000000096700000| Untracked |  0
| 360|0x0000000096800000, 0x0000000096800000, 0x0000000096900000|  0%| F|  |TAMS 0x0000000096800000| PB 0x0000000096800000| Untracked |  0
| 361|0x0000000096900000, 0x0000000096900000, 0x0000000096a00000|  0%| F|  |TAMS 0x0000000096900000| PB 0x0000000096900000| Untracked |  0
| 362|0x0000000096a00000, 0x0000000096b00000, 0x0000000096b00000|100%|HS|  |TAMS 0x0000000096a00000| PB 0x0000000096a00000| Complete |  0
| 363|0x0000000096b00000, 0x0000000096b00000, 0x0000000096c00000|  0%| F|  |TAMS 0x0000000096b00000| PB 0x0000000096b00000| Untracked |  0
| 364|0x0000000096c00000, 0x0000000096d00000, 0x0000000096d00000|100%|HS|  |TAMS 0x0000000096c00000| PB 0x0000000096c00000| Complete |  0
| 365|0x0000000096d00000, 0x0000000096d00000, 0x0000000096e00000|  0%| F|  |TAMS 0x0000000096d00000| PB 0x0000000096d00000| Untracked |  0
| 366|0x0000000096e00000, 0x0000000096e00000, 0x0000000096f00000|  0%| F|  |TAMS 0x0000000096e00000| PB 0x0000000096e00000| Untracked |  0
| 367|0x0000000096f00000, 0x0000000096f00000, 0x0000000097000000|  0%| F|  |TAMS 0x0000000096f00000| PB 0x0000000096f00000| Untracked |  0
| 368|0x0000000097000000, 0x0000000097000000, 0x0000000097100000|  0%| F|  |TAMS 0x0000000097000000| PB 0x0000000097000000| Untracked |  0
| 369|0x0000000097100000, 0x0000000097100000, 0x0000000097200000|  0%| F|  |TAMS 0x0000000097100000| PB 0x0000000097100000| Untracked |  0
| 370|0x0000000097200000, 0x0000000097200000, 0x0000000097300000|  0%| F|  |TAMS 0x0000000097200000| PB 0x0000000097200000| Untracked |  0
| 371|0x0000000097300000, 0x0000000097300000, 0x0000000097400000|  0%| F|  |TAMS 0x0000000097300000| PB 0x0000000097300000| Untracked |  0
| 372|0x0000000097400000, 0x0000000097400000, 0x0000000097500000|  0%| F|  |TAMS 0x0000000097400000| PB 0x0000000097400000| Untracked |  0
| 373|0x0000000097500000, 0x0000000097500000, 0x0000000097600000|  0%| F|  |TAMS 0x0000000097500000| PB 0x0000000097500000| Untracked |  0
| 374|0x0000000097600000, 0x0000000097600000, 0x0000000097700000|  0%| F|  |TAMS 0x0000000097600000| PB 0x0000000097600000| Untracked |  0
| 375|0x0000000097700000, 0x0000000097700000, 0x0000000097800000|  0%| F|  |TAMS 0x0000000097700000| PB 0x0000000097700000| Untracked |  0
| 376|0x0000000097800000, 0x0000000097800000, 0x0000000097900000|  0%| F|  |TAMS 0x0000000097800000| PB 0x0000000097800000| Untracked |  0
| 377|0x0000000097900000, 0x0000000097900000, 0x0000000097a00000|  0%| F|  |TAMS 0x0000000097900000| PB 0x0000000097900000| Untracked |  0
| 378|0x0000000097a00000, 0x0000000097a00000, 0x0000000097b00000|  0%| F|  |TAMS 0x0000000097a00000| PB 0x0000000097a00000| Untracked |  0
| 379|0x0000000097b00000, 0x0000000097b00000, 0x0000000097c00000|  0%| F|  |TAMS 0x0000000097b00000| PB 0x0000000097b00000| Untracked |  0
| 380|0x0000000097c00000, 0x0000000097c00000, 0x0000000097d00000|  0%| F|  |TAMS 0x0000000097c00000| PB 0x0000000097c00000| Untracked |  0
| 381|0x0000000097d00000, 0x0000000097d00000, 0x0000000097e00000|  0%| F|  |TAMS 0x0000000097d00000| PB 0x0000000097d00000| Untracked |  0
| 382|0x0000000097e00000, 0x0000000097f00000, 0x0000000097f00000|100%|HS|  |TAMS 0x0000000097e00000| PB 0x0000000097e00000| Complete |  0
| 383|0x0000000097f00000, 0x0000000098000000, 0x0000000098000000|100%|HS|  |TAMS 0x0000000097f00000| PB 0x0000000097f00000| Complete |  0
| 384|0x0000000098000000, 0x0000000098000000, 0x0000000098100000|  0%| F|  |TAMS 0x0000000098000000| PB 0x0000000098000000| Untracked |  0
| 385|0x0000000098100000, 0x0000000098200000, 0x0000000098200000|100%|HS|  |TAMS 0x0000000098100000| PB 0x0000000098100000| Complete |  0
| 386|0x0000000098200000, 0x0000000098200000, 0x0000000098300000|  0%| F|  |TAMS 0x0000000098200000| PB 0x0000000098200000| Untracked |  0
| 387|0x0000000098300000, 0x0000000098300000, 0x0000000098400000|  0%| F|  |TAMS 0x0000000098300000| PB 0x0000000098300000| Untracked |  0
| 388|0x0000000098400000, 0x0000000098400000, 0x0000000098500000|  0%| F|  |TAMS 0x0000000098400000| PB 0x0000000098400000| Untracked |  0
| 389|0x0000000098500000, 0x0000000098500000, 0x0000000098600000|  0%| F|  |TAMS 0x0000000098500000| PB 0x0000000098500000| Untracked |  0
| 390|0x0000000098600000, 0x0000000098600000, 0x0000000098700000|  0%| F|  |TAMS 0x0000000098600000| PB 0x0000000098600000| Untracked |  0
| 391|0x0000000098700000, 0x0000000098700000, 0x0000000098800000|  0%| F|  |TAMS 0x0000000098700000| PB 0x0000000098700000| Untracked |  0
| 392|0x0000000098800000, 0x0000000098800000, 0x0000000098900000|  0%| F|  |TAMS 0x0000000098800000| PB 0x0000000098800000| Untracked |  0
| 393|0x0000000098900000, 0x0000000098900000, 0x0000000098a00000|  0%| F|  |TAMS 0x0000000098900000| PB 0x0000000098900000| Untracked |  0
| 394|0x0000000098a00000, 0x0000000098a00000, 0x0000000098b00000|  0%| F|  |TAMS 0x0000000098a00000| PB 0x0000000098a00000| Untracked |  0
| 395|0x0000000098b00000, 0x0000000098b00000, 0x0000000098c00000|  0%| F|  |TAMS 0x0000000098b00000| PB 0x0000000098b00000| Untracked |  0
| 396|0x0000000098c00000, 0x0000000098c00000, 0x0000000098d00000|  0%| F|  |TAMS 0x0000000098c00000| PB 0x0000000098c00000| Untracked |  0
| 397|0x0000000098d00000, 0x0000000098d00000, 0x0000000098e00000|  0%| F|  |TAMS 0x0000000098d00000| PB 0x0000000098d00000| Untracked |  0
| 398|0x0000000098e00000, 0x0000000098e00000, 0x0000000098f00000|  0%| F|  |TAMS 0x0000000098e00000| PB 0x0000000098e00000| Untracked |  0
| 399|0x0000000098f00000, 0x0000000098f00000, 0x0000000099000000|  0%| F|  |TAMS 0x0000000098f00000| PB 0x0000000098f00000| Untracked |  0
| 400|0x0000000099000000, 0x0000000099000000, 0x0000000099100000|  0%| F|  |TAMS 0x0000000099000000| PB 0x0000000099000000| Untracked |  0
| 401|0x0000000099100000, 0x0000000099100000, 0x0000000099200000|  0%| F|  |TAMS 0x0000000099100000| PB 0x0000000099100000| Untracked |  0
| 402|0x0000000099200000, 0x0000000099200000, 0x0000000099300000|  0%| F|  |TAMS 0x0000000099200000| PB 0x0000000099200000| Untracked |  0
| 403|0x0000000099300000, 0x0000000099300000, 0x0000000099400000|  0%| F|  |TAMS 0x0000000099300000| PB 0x0000000099300000| Untracked |  0
| 404|0x0000000099400000, 0x0000000099400000, 0x0000000099500000|  0%| F|  |TAMS 0x0000000099400000| PB 0x0000000099400000| Untracked |  0
| 405|0x0000000099500000, 0x0000000099500000, 0x0000000099600000|  0%| F|  |TAMS 0x0000000099500000| PB 0x0000000099500000| Untracked |  0
| 406|0x0000000099600000, 0x0000000099600000, 0x0000000099700000|  0%| F|  |TAMS 0x0000000099600000| PB 0x0000000099600000| Untracked |  0
| 407|0x0000000099700000, 0x0000000099700000, 0x0000000099800000|  0%| F|  |TAMS 0x0000000099700000| PB 0x0000000099700000| Untracked |  0
| 408|0x0000000099800000, 0x0000000099800000, 0x0000000099900000|  0%| F|  |TAMS 0x0000000099800000| PB 0x0000000099800000| Untracked |  0
| 409|0x0000000099900000, 0x0000000099900000, 0x0000000099a00000|  0%| F|  |TAMS 0x0000000099900000| PB 0x0000000099900000| Untracked |  0
| 410|0x0000000099a00000, 0x0000000099a00000, 0x0000000099b00000|  0%| F|  |TAMS 0x0000000099a00000| PB 0x0000000099a00000| Untracked |  0
| 411|0x0000000099b00000, 0x0000000099b00000, 0x0000000099c00000|  0%| F|  |TAMS 0x0000000099b00000| PB 0x0000000099b00000| Untracked |  0
| 412|0x0000000099c00000, 0x0000000099c00000, 0x0000000099d00000|  0%| F|  |TAMS 0x0000000099c00000| PB 0x0000000099c00000| Untracked |  0
| 413|0x0000000099d00000, 0x0000000099d00000, 0x0000000099e00000|  0%| F|  |TAMS 0x0000000099d00000| PB 0x0000000099d00000| Untracked |  0
| 414|0x0000000099e00000, 0x0000000099e00000, 0x0000000099f00000|  0%| F|  |TAMS 0x0000000099e00000| PB 0x0000000099e00000| Untracked |  0
| 415|0x0000000099f00000, 0x0000000099f00000, 0x000000009a000000|  0%| F|  |TAMS 0x0000000099f00000| PB 0x0000000099f00000| Untracked |  0
| 416|0x000000009a000000, 0x000000009a000000, 0x000000009a100000|  0%| F|  |TAMS 0x000000009a000000| PB 0x000000009a000000| Untracked |  0
| 417|0x000000009a100000, 0x000000009a100000, 0x000000009a200000|  0%| F|  |TAMS 0x000000009a100000| PB 0x000000009a100000| Untracked |  0
| 418|0x000000009a200000, 0x000000009a200000, 0x000000009a300000|  0%| F|  |TAMS 0x000000009a200000| PB 0x000000009a200000| Untracked |  0
| 419|0x000000009a300000, 0x000000009a300000, 0x000000009a400000|  0%| F|  |TAMS 0x000000009a300000| PB 0x000000009a300000| Untracked |  0
| 420|0x000000009a400000, 0x000000009a400000, 0x000000009a500000|  0%| F|  |TAMS 0x000000009a400000| PB 0x000000009a400000| Untracked |  0
| 421|0x000000009a500000, 0x000000009a500000, 0x000000009a600000|  0%| F|  |TAMS 0x000000009a500000| PB 0x000000009a500000| Untracked |  0
| 422|0x000000009a600000, 0x000000009a600000, 0x000000009a700000|  0%| F|  |TAMS 0x000000009a600000| PB 0x000000009a600000| Untracked |  0
| 423|0x000000009a700000, 0x000000009a700000, 0x000000009a800000|  0%| F|  |TAMS 0x000000009a700000| PB 0x000000009a700000| Untracked |  0
| 424|0x000000009a800000, 0x000000009a800000, 0x000000009a900000|  0%| F|  |TAMS 0x000000009a800000| PB 0x000000009a800000| Untracked |  0
| 425|0x000000009a900000, 0x000000009a900000, 0x000000009aa00000|  0%| F|  |TAMS 0x000000009a900000| PB 0x000000009a900000| Untracked |  0
| 426|0x000000009aa00000, 0x000000009aa00000, 0x000000009ab00000|  0%| F|  |TAMS 0x000000009aa00000| PB 0x000000009aa00000| Untracked |  0
| 427|0x000000009ab00000, 0x000000009ab00000, 0x000000009ac00000|  0%| F|  |TAMS 0x000000009ab00000| PB 0x000000009ab00000| Untracked |  0
| 428|0x000000009ac00000, 0x000000009ac00000, 0x000000009ad00000|  0%| F|  |TAMS 0x000000009ac00000| PB 0x000000009ac00000| Untracked |  0
| 429|0x000000009ad00000, 0x000000009ad00000, 0x000000009ae00000|  0%| F|  |TAMS 0x000000009ad00000| PB 0x000000009ad00000| Untracked |  0
| 430|0x000000009ae00000, 0x000000009ae00000, 0x000000009af00000|  0%| F|  |TAMS 0x000000009ae00000| PB 0x000000009ae00000| Untracked |  0
| 431|0x000000009af00000, 0x000000009af00000, 0x000000009b000000|  0%| F|  |TAMS 0x000000009af00000| PB 0x000000009af00000| Untracked |  0
| 432|0x000000009b000000, 0x000000009b000000, 0x000000009b100000|  0%| F|  |TAMS 0x000000009b000000| PB 0x000000009b000000| Untracked |  0
| 433|0x000000009b100000, 0x000000009b100000, 0x000000009b200000|  0%| F|  |TAMS 0x000000009b100000| PB 0x000000009b100000| Untracked |  0
| 434|0x000000009b200000, 0x000000009b200000, 0x000000009b300000|  0%| F|  |TAMS 0x000000009b200000| PB 0x000000009b200000| Untracked |  0
| 435|0x000000009b300000, 0x000000009b300000, 0x000000009b400000|  0%| F|  |TAMS 0x000000009b300000| PB 0x000000009b300000| Untracked |  0
| 436|0x000000009b400000, 0x000000009b400000, 0x000000009b500000|  0%| F|  |TAMS 0x000000009b400000| PB 0x000000009b400000| Untracked |  0
| 437|0x000000009b500000, 0x000000009b500000, 0x000000009b600000|  0%| F|  |TAMS 0x000000009b500000| PB 0x000000009b500000| Untracked |  0
| 438|0x000000009b600000, 0x000000009b600000, 0x000000009b700000|  0%| F|  |TAMS 0x000000009b600000| PB 0x000000009b600000| Untracked |  0
| 439|0x000000009b700000, 0x000000009b700000, 0x000000009b800000|  0%| F|  |TAMS 0x000000009b700000| PB 0x000000009b700000| Untracked |  0
| 440|0x000000009b800000, 0x000000009b800000, 0x000000009b900000|  0%| F|  |TAMS 0x000000009b800000| PB 0x000000009b800000| Untracked |  0
| 441|0x000000009b900000, 0x000000009ba00000, 0x000000009ba00000|100%|HS|  |TAMS 0x000000009b900000| PB 0x000000009b900000| Complete |  0
| 442|0x000000009ba00000, 0x000000009bb00000, 0x000000009bb00000|100%|HC|  |TAMS 0x000000009ba00000| PB 0x000000009ba00000| Complete |  0
| 443|0x000000009bb00000, 0x000000009bc00000, 0x000000009bc00000|100%|HC|  |TAMS 0x000000009bb00000| PB 0x000000009bb00000| Complete |  0
| 444|0x000000009bc00000, 0x000000009bd00000, 0x000000009bd00000|100%|HC|  |TAMS 0x000000009bc00000| PB 0x000000009bc00000| Complete |  0
| 445|0x000000009bd00000, 0x000000009be00000, 0x000000009be00000|100%|HC|  |TAMS 0x000000009bd00000| PB 0x000000009bd00000| Complete |  0
| 446|0x000000009be00000, 0x000000009bf00000, 0x000000009bf00000|100%|HC|  |TAMS 0x000000009be00000| PB 0x000000009be00000| Complete |  0
| 447|0x000000009bf00000, 0x000000009c000000, 0x000000009c000000|100%|HC|  |TAMS 0x000000009bf00000| PB 0x000000009bf00000| Complete |  0
| 448|0x000000009c000000, 0x000000009c100000, 0x000000009c100000|100%|HC|  |TAMS 0x000000009c000000| PB 0x000000009c000000| Complete |  0
| 449|0x000000009c100000, 0x000000009c200000, 0x000000009c200000|100%|HC|  |TAMS 0x000000009c100000| PB 0x000000009c100000| Complete |  0
| 450|0x000000009c200000, 0x000000009c300000, 0x000000009c300000|100%|HC|  |TAMS 0x000000009c200000| PB 0x000000009c200000| Complete |  0
| 451|0x000000009c300000, 0x000000009c400000, 0x000000009c400000|100%|HC|  |TAMS 0x000000009c300000| PB 0x000000009c300000| Complete |  0
| 452|0x000000009c400000, 0x000000009c500000, 0x000000009c500000|100%|HC|  |TAMS 0x000000009c400000| PB 0x000000009c400000| Complete |  0
| 453|0x000000009c500000, 0x000000009c600000, 0x000000009c600000|100%|HC|  |TAMS 0x000000009c500000| PB 0x000000009c500000| Complete |  0
| 454|0x000000009c600000, 0x000000009c700000, 0x000000009c700000|100%|HC|  |TAMS 0x000000009c600000| PB 0x000000009c600000| Complete |  0
| 455|0x000000009c700000, 0x000000009c800000, 0x000000009c800000|100%|HC|  |TAMS 0x000000009c700000| PB 0x000000009c700000| Complete |  0
| 456|0x000000009c800000, 0x000000009c900000, 0x000000009c900000|100%|HS|  |TAMS 0x000000009c800000| PB 0x000000009c800000| Complete |  0
| 457|0x000000009c900000, 0x000000009ca00000, 0x000000009ca00000|100%|HC|  |TAMS 0x000000009c900000| PB 0x000000009c900000| Complete |  0
| 458|0x000000009ca00000, 0x000000009cb00000, 0x000000009cb00000|100%|HC|  |TAMS 0x000000009ca00000| PB 0x000000009ca00000| Complete |  0
| 459|0x000000009cb00000, 0x000000009cc00000, 0x000000009cc00000|100%|HC|  |TAMS 0x000000009cb00000| PB 0x000000009cb00000| Complete |  0
| 460|0x000000009cc00000, 0x000000009cd00000, 0x000000009cd00000|100%|HC|  |TAMS 0x000000009cc00000| PB 0x000000009cc00000| Complete |  0
| 461|0x000000009cd00000, 0x000000009ce00000, 0x000000009ce00000|100%|HS|  |TAMS 0x000000009cd00000| PB 0x000000009cd00000| Complete |  0
| 462|0x000000009ce00000, 0x000000009cf00000, 0x000000009cf00000|100%|HC|  |TAMS 0x000000009ce00000| PB 0x000000009ce00000| Complete |  0
| 463|0x000000009cf00000, 0x000000009d000000, 0x000000009d000000|100%|HC|  |TAMS 0x000000009cf00000| PB 0x000000009cf00000| Complete |  0
| 464|0x000000009d000000, 0x000000009d100000, 0x000000009d100000|100%|HC|  |TAMS 0x000000009d000000| PB 0x000000009d000000| Complete |  0
| 465|0x000000009d100000, 0x000000009d200000, 0x000000009d200000|100%|HC|  |TAMS 0x000000009d100000| PB 0x000000009d100000| Complete |  0
| 466|0x000000009d200000, 0x000000009d300000, 0x000000009d300000|100%|HS|  |TAMS 0x000000009d200000| PB 0x000000009d200000| Complete |  0
| 467|0x000000009d300000, 0x000000009d400000, 0x000000009d400000|100%|HC|  |TAMS 0x000000009d300000| PB 0x000000009d300000| Complete |  0
| 468|0x000000009d400000, 0x000000009d500000, 0x000000009d500000|100%|HC|  |TAMS 0x000000009d400000| PB 0x000000009d400000| Complete |  0
| 469|0x000000009d500000, 0x000000009d600000, 0x000000009d600000|100%|HC|  |TAMS 0x000000009d500000| PB 0x000000009d500000| Complete |  0
| 470|0x000000009d600000, 0x000000009d700000, 0x000000009d700000|100%|HC|  |TAMS 0x000000009d600000| PB 0x000000009d600000| Complete |  0
| 471|0x000000009d700000, 0x000000009d800000, 0x000000009d800000|100%|HC|  |TAMS 0x000000009d700000| PB 0x000000009d700000| Complete |  0
| 472|0x000000009d800000, 0x000000009d900000, 0x000000009d900000|100%|HC|  |TAMS 0x000000009d800000| PB 0x000000009d800000| Complete |  0
| 473|0x000000009d900000, 0x000000009da00000, 0x000000009da00000|100%|HC|  |TAMS 0x000000009d900000| PB 0x000000009d900000| Complete |  0
| 474|0x000000009da00000, 0x000000009db00000, 0x000000009db00000|100%|HC|  |TAMS 0x000000009da00000| PB 0x000000009da00000| Complete |  0
| 475|0x000000009db00000, 0x000000009dc00000, 0x000000009dc00000|100%|HC|  |TAMS 0x000000009db00000| PB 0x000000009db00000| Complete |  0
| 476|0x000000009dc00000, 0x000000009dd00000, 0x000000009dd00000|100%|HC|  |TAMS 0x000000009dc00000| PB 0x000000009dc00000| Complete |  0
| 477|0x000000009dd00000, 0x000000009de00000, 0x000000009de00000|100%|HC|  |TAMS 0x000000009dd00000| PB 0x000000009dd00000| Complete |  0
| 478|0x000000009de00000, 0x000000009df00000, 0x000000009df00000|100%|HC|  |TAMS 0x000000009de00000| PB 0x000000009de00000| Complete |  0
| 479|0x000000009df00000, 0x000000009e000000, 0x000000009e000000|100%|HC|  |TAMS 0x000000009df00000| PB 0x000000009df00000| Complete |  0
| 480|0x000000009e000000, 0x000000009e100000, 0x000000009e100000|100%|HC|  |TAMS 0x000000009e000000| PB 0x000000009e000000| Complete |  0
| 481|0x000000009e100000, 0x000000009e200000, 0x000000009e200000|100%|HC|  |TAMS 0x000000009e100000| PB 0x000000009e100000| Complete |  0
| 482|0x000000009e200000, 0x000000009e300000, 0x000000009e300000|100%|HC|  |TAMS 0x000000009e200000| PB 0x000000009e200000| Complete |  0
| 483|0x000000009e300000, 0x000000009e400000, 0x000000009e400000|100%|HC|  |TAMS 0x000000009e300000| PB 0x000000009e300000| Complete |  0
| 484|0x000000009e400000, 0x000000009e500000, 0x000000009e500000|100%|HC|  |TAMS 0x000000009e400000| PB 0x000000009e400000| Complete |  0
| 485|0x000000009e500000, 0x000000009e600000, 0x000000009e600000|100%|HC|  |TAMS 0x000000009e500000| PB 0x000000009e500000| Complete |  0
| 486|0x000000009e600000, 0x000000009e700000, 0x000000009e700000|100%|HC|  |TAMS 0x000000009e600000| PB 0x000000009e600000| Complete |  0
| 487|0x000000009e700000, 0x000000009e800000, 0x000000009e800000|100%|HC|  |TAMS 0x000000009e700000| PB 0x000000009e700000| Complete |  0
| 488|0x000000009e800000, 0x000000009e900000, 0x000000009e900000|100%|HC|  |TAMS 0x000000009e800000| PB 0x000000009e800000| Complete |  0
| 489|0x000000009e900000, 0x000000009ea00000, 0x000000009ea00000|100%|HC|  |TAMS 0x000000009e900000| PB 0x000000009e900000| Complete |  0
| 490|0x000000009ea00000, 0x000000009ea00000, 0x000000009eb00000|  0%| F|  |TAMS 0x000000009ea00000| PB 0x000000009ea00000| Untracked |  0
| 491|0x000000009eb00000, 0x000000009eb00000, 0x000000009ec00000|  0%| F|  |TAMS 0x000000009eb00000| PB 0x000000009eb00000| Untracked |  0
| 492|0x000000009ec00000, 0x000000009ec00000, 0x000000009ed00000|  0%| F|  |TAMS 0x000000009ec00000| PB 0x000000009ec00000| Untracked |  0
| 493|0x000000009ed00000, 0x000000009ed00000, 0x000000009ee00000|  0%| F|  |TAMS 0x000000009ed00000| PB 0x000000009ed00000| Untracked |  0
| 494|0x000000009ee00000, 0x000000009ee00000, 0x000000009ef00000|  0%| F|  |TAMS 0x000000009ee00000| PB 0x000000009ee00000| Untracked |  0
| 495|0x000000009ef00000, 0x000000009ef00000, 0x000000009f000000|  0%| F|  |TAMS 0x000000009ef00000| PB 0x000000009ef00000| Untracked |  0
| 496|0x000000009f000000, 0x000000009f000000, 0x000000009f100000|  0%| F|  |TAMS 0x000000009f000000| PB 0x000000009f000000| Untracked |  0
| 497|0x000000009f100000, 0x000000009f100000, 0x000000009f200000|  0%| F|  |TAMS 0x000000009f100000| PB 0x000000009f100000| Untracked |  0
| 498|0x000000009f200000, 0x000000009f200000, 0x000000009f300000|  0%| F|  |TAMS 0x000000009f200000| PB 0x000000009f200000| Untracked |  0
| 499|0x000000009f300000, 0x000000009f300000, 0x000000009f400000|  0%| F|  |TAMS 0x000000009f300000| PB 0x000000009f300000| Untracked |  0
| 500|0x000000009f400000, 0x000000009f400000, 0x000000009f500000|  0%| F|  |TAMS 0x000000009f400000| PB 0x000000009f400000| Untracked |  0
| 501|0x000000009f500000, 0x000000009f500000, 0x000000009f600000|  0%| F|  |TAMS 0x000000009f500000| PB 0x000000009f500000| Untracked |  0
| 502|0x000000009f600000, 0x000000009f600000, 0x000000009f700000|  0%| F|  |TAMS 0x000000009f600000| PB 0x000000009f600000| Untracked |  0
| 503|0x000000009f700000, 0x000000009f700000, 0x000000009f800000|  0%| F|  |TAMS 0x000000009f700000| PB 0x000000009f700000| Untracked |  0
| 504|0x000000009f800000, 0x000000009f800000, 0x000000009f900000|  0%| F|  |TAMS 0x000000009f800000| PB 0x000000009f800000| Untracked |  0
| 505|0x000000009f900000, 0x000000009f900000, 0x000000009fa00000|  0%| F|  |TAMS 0x000000009f900000| PB 0x000000009f900000| Untracked |  0
| 506|0x000000009fa00000, 0x000000009fa00000, 0x000000009fb00000|  0%| F|  |TAMS 0x000000009fa00000| PB 0x000000009fa00000| Untracked |  0
| 507|0x000000009fb00000, 0x000000009fb00000, 0x000000009fc00000|  0%| F|  |TAMS 0x000000009fb00000| PB 0x000000009fb00000| Untracked |  0
| 508|0x000000009fc00000, 0x000000009fc00000, 0x000000009fd00000|  0%| F|  |TAMS 0x000000009fc00000| PB 0x000000009fc00000| Untracked |  0
| 509|0x000000009fd00000, 0x000000009fd00000, 0x000000009fe00000|  0%| F|  |TAMS 0x000000009fd00000| PB 0x000000009fd00000| Untracked |  0
| 510|0x000000009fe00000, 0x000000009fe00000, 0x000000009ff00000|  0%| F|  |TAMS 0x000000009fe00000| PB 0x000000009fe00000| Untracked |  0
| 511|0x000000009ff00000, 0x00000000a0000000, 0x00000000a0000000|100%|HS|  |TAMS 0x000000009ff00000| PB 0x000000009ff00000| Complete |  0
| 512|0x00000000a0000000, 0x00000000a0100000, 0x00000000a0100000|100%|HC|  |TAMS 0x00000000a0000000| PB 0x00000000a0000000| Complete |  0
| 513|0x00000000a0100000, 0x00000000a0200000, 0x00000000a0200000|100%|HC|  |TAMS 0x00000000a0100000| PB 0x00000000a0100000| Complete |  0
| 514|0x00000000a0200000, 0x00000000a0300000, 0x00000000a0300000|100%|HC|  |TAMS 0x00000000a0200000| PB 0x00000000a0200000| Complete |  0
| 515|0x00000000a0300000, 0x00000000a0400000, 0x00000000a0400000|100%|HC|  |TAMS 0x00000000a0300000| PB 0x00000000a0300000| Complete |  0
| 516|0x00000000a0400000, 0x00000000a0500000, 0x00000000a0500000|100%|HC|  |TAMS 0x00000000a0400000| PB 0x00000000a0400000| Complete |  0
| 517|0x00000000a0500000, 0x00000000a0600000, 0x00000000a0600000|100%|HC|  |TAMS 0x00000000a0500000| PB 0x00000000a0500000| Complete |  0
| 518|0x00000000a0600000, 0x00000000a0700000, 0x00000000a0700000|100%|HC|  |TAMS 0x00000000a0600000| PB 0x00000000a0600000| Complete |  0
| 519|0x00000000a0700000, 0x00000000a0800000, 0x00000000a0800000|100%|HC|  |TAMS 0x00000000a0700000| PB 0x00000000a0700000| Complete |  0
| 520|0x00000000a0800000, 0x00000000a0900000, 0x00000000a0900000|100%|HC|  |TAMS 0x00000000a0800000| PB 0x00000000a0800000| Complete |  0
| 521|0x00000000a0900000, 0x00000000a0a00000, 0x00000000a0a00000|100%|HC|  |TAMS 0x00000000a0900000| PB 0x00000000a0900000| Complete |  0
| 522|0x00000000a0a00000, 0x00000000a0b00000, 0x00000000a0b00000|100%|HC|  |TAMS 0x00000000a0a00000| PB 0x00000000a0a00000| Complete |  0
| 523|0x00000000a0b00000, 0x00000000a0c00000, 0x00000000a0c00000|100%|HC|  |TAMS 0x00000000a0b00000| PB 0x00000000a0b00000| Complete |  0
| 524|0x00000000a0c00000, 0x00000000a0d00000, 0x00000000a0d00000|100%|HC|  |TAMS 0x00000000a0c00000| PB 0x00000000a0c00000| Complete |  0
| 525|0x00000000a0d00000, 0x00000000a0e00000, 0x00000000a0e00000|100%|HC|  |TAMS 0x00000000a0d00000| PB 0x00000000a0d00000| Complete |  0
| 526|0x00000000a0e00000, 0x00000000a0f00000, 0x00000000a0f00000|100%|HC|  |TAMS 0x00000000a0e00000| PB 0x00000000a0e00000| Complete |  0
| 527|0x00000000a0f00000, 0x00000000a1000000, 0x00000000a1000000|100%|HC|  |TAMS 0x00000000a0f00000| PB 0x00000000a0f00000| Complete |  0
| 528|0x00000000a1000000, 0x00000000a1100000, 0x00000000a1100000|100%|HC|  |TAMS 0x00000000a1000000| PB 0x00000000a1000000| Complete |  0
| 529|0x00000000a1100000, 0x00000000a1200000, 0x00000000a1200000|100%|HC|  |TAMS 0x00000000a1100000| PB 0x00000000a1100000| Complete |  0
| 530|0x00000000a1200000, 0x00000000a1300000, 0x00000000a1300000|100%|HC|  |TAMS 0x00000000a1200000| PB 0x00000000a1200000| Complete |  0
| 531|0x00000000a1300000, 0x00000000a1400000, 0x00000000a1400000|100%|HC|  |TAMS 0x00000000a1300000| PB 0x00000000a1300000| Complete |  0
| 532|0x00000000a1400000, 0x00000000a1500000, 0x00000000a1500000|100%|HS|  |TAMS 0x00000000a1400000| PB 0x00000000a1400000| Complete |  0
| 533|0x00000000a1500000, 0x00000000a1600000, 0x00000000a1600000|100%|HC|  |TAMS 0x00000000a1500000| PB 0x00000000a1500000| Complete |  0
| 534|0x00000000a1600000, 0x00000000a1700000, 0x00000000a1700000|100%|HC|  |TAMS 0x00000000a1600000| PB 0x00000000a1600000| Complete |  0
| 535|0x00000000a1700000, 0x00000000a1800000, 0x00000000a1800000|100%|HC|  |TAMS 0x00000000a1700000| PB 0x00000000a1700000| Complete |  0
| 536|0x00000000a1800000, 0x00000000a1900000, 0x00000000a1900000|100%|HS|  |TAMS 0x00000000a1800000| PB 0x00000000a1800000| Complete |  0
| 537|0x00000000a1900000, 0x00000000a1a00000, 0x00000000a1a00000|100%|HC|  |TAMS 0x00000000a1900000| PB 0x00000000a1900000| Complete |  0
| 538|0x00000000a1a00000, 0x00000000a1b00000, 0x00000000a1b00000|100%|HC|  |TAMS 0x00000000a1a00000| PB 0x00000000a1a00000| Complete |  0
| 539|0x00000000a1b00000, 0x00000000a1c00000, 0x00000000a1c00000|100%|HC|  |TAMS 0x00000000a1b00000| PB 0x00000000a1b00000| Complete |  0
| 540|0x00000000a1c00000, 0x00000000a1d00000, 0x00000000a1d00000|100%|HC|  |TAMS 0x00000000a1c00000| PB 0x00000000a1c00000| Complete |  0
| 541|0x00000000a1d00000, 0x00000000a1e00000, 0x00000000a1e00000|100%|HS|  |TAMS 0x00000000a1d00000| PB 0x00000000a1d00000| Complete |  0
| 542|0x00000000a1e00000, 0x00000000a1f00000, 0x00000000a1f00000|100%|HC|  |TAMS 0x00000000a1e00000| PB 0x00000000a1e00000| Complete |  0
| 543|0x00000000a1f00000, 0x00000000a2000000, 0x00000000a2000000|100%|HC|  |TAMS 0x00000000a1f00000| PB 0x00000000a1f00000| Complete |  0
| 544|0x00000000a2000000, 0x00000000a2100000, 0x00000000a2100000|100%|HC|  |TAMS 0x00000000a2000000| PB 0x00000000a2000000| Complete |  0
| 545|0x00000000a2100000, 0x00000000a2200000, 0x00000000a2200000|100%|HC|  |TAMS 0x00000000a2100000| PB 0x00000000a2100000| Complete |  0
| 546|0x00000000a2200000, 0x00000000a2300000, 0x00000000a2300000|100%|HC|  |TAMS 0x00000000a2200000| PB 0x00000000a2200000| Complete |  0
| 547|0x00000000a2300000, 0x00000000a2400000, 0x00000000a2400000|100%|HC|  |TAMS 0x00000000a2300000| PB 0x00000000a2300000| Complete |  0
| 548|0x00000000a2400000, 0x00000000a2500000, 0x00000000a2500000|100%|HC|  |TAMS 0x00000000a2400000| PB 0x00000000a2400000| Complete |  0
| 549|0x00000000a2500000, 0x00000000a2600000, 0x00000000a2600000|100%|HC|  |TAMS 0x00000000a2500000| PB 0x00000000a2500000| Complete |  0
| 550|0x00000000a2600000, 0x00000000a2700000, 0x00000000a2700000|100%|HC|  |TAMS 0x00000000a2600000| PB 0x00000000a2600000| Complete |  0
| 551|0x00000000a2700000, 0x00000000a2800000, 0x00000000a2800000|100%|HC|  |TAMS 0x00000000a2700000| PB 0x00000000a2700000| Complete |  0
| 552|0x00000000a2800000, 0x00000000a2900000, 0x00000000a2900000|100%|HS|  |TAMS 0x00000000a2800000| PB 0x00000000a2800000| Complete |  0
| 553|0x00000000a2900000, 0x00000000a2a00000, 0x00000000a2a00000|100%|HC|  |TAMS 0x00000000a2900000| PB 0x00000000a2900000| Complete |  0
| 554|0x00000000a2a00000, 0x00000000a2b00000, 0x00000000a2b00000|100%|HC|  |TAMS 0x00000000a2a00000| PB 0x00000000a2a00000| Complete |  0
| 555|0x00000000a2b00000, 0x00000000a2c00000, 0x00000000a2c00000|100%|HC|  |TAMS 0x00000000a2b00000| PB 0x00000000a2b00000| Complete |  0
| 556|0x00000000a2c00000, 0x00000000a2d00000, 0x00000000a2d00000|100%|HC|  |TAMS 0x00000000a2c00000| PB 0x00000000a2c00000| Complete |  0
| 557|0x00000000a2d00000, 0x00000000a2e00000, 0x00000000a2e00000|100%|HC|  |TAMS 0x00000000a2d00000| PB 0x00000000a2d00000| Complete |  0
| 558|0x00000000a2e00000, 0x00000000a2f00000, 0x00000000a2f00000|100%|HS|  |TAMS 0x00000000a2e00000| PB 0x00000000a2e00000| Complete |  0
| 559|0x00000000a2f00000, 0x00000000a3000000, 0x00000000a3000000|100%|HC|  |TAMS 0x00000000a2f00000| PB 0x00000000a2f00000| Complete |  0
| 560|0x00000000a3000000, 0x00000000a3100000, 0x00000000a3100000|100%|HC|  |TAMS 0x00000000a3000000| PB 0x00000000a3000000| Complete |  0
| 561|0x00000000a3100000, 0x00000000a3200000, 0x00000000a3200000|100%|HC|  |TAMS 0x00000000a3100000| PB 0x00000000a3100000| Complete |  0
| 562|0x00000000a3200000, 0x00000000a3300000, 0x00000000a3300000|100%|HC|  |TAMS 0x00000000a3200000| PB 0x00000000a3200000| Complete |  0
| 563|0x00000000a3300000, 0x00000000a3400000, 0x00000000a3400000|100%|HC|  |TAMS 0x00000000a3300000| PB 0x00000000a3300000| Complete |  0
| 564|0x00000000a3400000, 0x00000000a3500000, 0x00000000a3500000|100%|HC|  |TAMS 0x00000000a3400000| PB 0x00000000a3400000| Complete |  0
| 565|0x00000000a3500000, 0x00000000a3600000, 0x00000000a3600000|100%|HS|  |TAMS 0x00000000a3500000| PB 0x00000000a3500000| Complete |  0
| 566|0x00000000a3600000, 0x00000000a3700000, 0x00000000a3700000|100%|HC|  |TAMS 0x00000000a3600000| PB 0x00000000a3600000| Complete |  0
| 567|0x00000000a3700000, 0x00000000a3800000, 0x00000000a3800000|100%|HC|  |TAMS 0x00000000a3700000| PB 0x00000000a3700000| Complete |  0
| 568|0x00000000a3800000, 0x00000000a3900000, 0x00000000a3900000|100%|HC|  |TAMS 0x00000000a3800000| PB 0x00000000a3800000| Complete |  0
| 569|0x00000000a3900000, 0x00000000a3a00000, 0x00000000a3a00000|100%|HC|  |TAMS 0x00000000a3900000| PB 0x00000000a3900000| Complete |  0
| 570|0x00000000a3a00000, 0x00000000a3b00000, 0x00000000a3b00000|100%|HS|  |TAMS 0x00000000a3a00000| PB 0x00000000a3a00000| Complete |  0
| 571|0x00000000a3b00000, 0x00000000a3c00000, 0x00000000a3c00000|100%|HC|  |TAMS 0x00000000a3b00000| PB 0x00000000a3b00000| Complete |  0
| 572|0x00000000a3c00000, 0x00000000a3d00000, 0x00000000a3d00000|100%|HC|  |TAMS 0x00000000a3c00000| PB 0x00000000a3c00000| Complete |  0
| 573|0x00000000a3d00000, 0x00000000a3e00000, 0x00000000a3e00000|100%|HC|  |TAMS 0x00000000a3d00000| PB 0x00000000a3d00000| Complete |  0
| 574|0x00000000a3e00000, 0x00000000a3f00000, 0x00000000a3f00000|100%|HC|  |TAMS 0x00000000a3e00000| PB 0x00000000a3e00000| Complete |  0
| 575|0x00000000a3f00000, 0x00000000a4000000, 0x00000000a4000000|100%|HC|  |TAMS 0x00000000a3f00000| PB 0x00000000a3f00000| Complete |  0
| 576|0x00000000a4000000, 0x00000000a4100000, 0x00000000a4100000|100%|HC|  |TAMS 0x00000000a4000000| PB 0x00000000a4000000| Complete |  0
| 577|0x00000000a4100000, 0x00000000a4200000, 0x00000000a4200000|100%|HC|  |TAMS 0x00000000a4100000| PB 0x00000000a4100000| Complete |  0
| 578|0x00000000a4200000, 0x00000000a4300000, 0x00000000a4300000|100%|HC|  |TAMS 0x00000000a4200000| PB 0x00000000a4200000| Complete |  0
| 579|0x00000000a4300000, 0x00000000a4400000, 0x00000000a4400000|100%|HC|  |TAMS 0x00000000a4300000| PB 0x00000000a4300000| Complete |  0
| 580|0x00000000a4400000, 0x00000000a4500000, 0x00000000a4500000|100%|HC|  |TAMS 0x00000000a4400000| PB 0x00000000a4400000| Complete |  0
| 581|0x00000000a4500000, 0x00000000a4600000, 0x00000000a4600000|100%|HC|  |TAMS 0x00000000a4500000| PB 0x00000000a4500000| Complete |  0
| 582|0x00000000a4600000, 0x00000000a4700000, 0x00000000a4700000|100%|HC|  |TAMS 0x00000000a4600000| PB 0x00000000a4600000| Complete |  0
| 583|0x00000000a4700000, 0x00000000a4800000, 0x00000000a4800000|100%|HC|  |TAMS 0x00000000a4700000| PB 0x00000000a4700000| Complete |  0
| 584|0x00000000a4800000, 0x00000000a4900000, 0x00000000a4900000|100%|HC|  |TAMS 0x00000000a4800000| PB 0x00000000a4800000| Complete |  0
| 585|0x00000000a4900000, 0x00000000a4a00000, 0x00000000a4a00000|100%|HC|  |TAMS 0x00000000a4900000| PB 0x00000000a4900000| Complete |  0
| 586|0x00000000a4a00000, 0x00000000a4b00000, 0x00000000a4b00000|100%|HC|  |TAMS 0x00000000a4a00000| PB 0x00000000a4a00000| Complete |  0
| 587|0x00000000a4b00000, 0x00000000a4c00000, 0x00000000a4c00000|100%|HC|  |TAMS 0x00000000a4b00000| PB 0x00000000a4b00000| Complete |  0
| 588|0x00000000a4c00000, 0x00000000a4d00000, 0x00000000a4d00000|100%|HC|  |TAMS 0x00000000a4c00000| PB 0x00000000a4c00000| Complete |  0
| 589|0x00000000a4d00000, 0x00000000a4e00000, 0x00000000a4e00000|100%|HC|  |TAMS 0x00000000a4d00000| PB 0x00000000a4d00000| Complete |  0
| 590|0x00000000a4e00000, 0x00000000a4f00000, 0x00000000a4f00000|100%|HC|  |TAMS 0x00000000a4e00000| PB 0x00000000a4e00000| Complete |  0
| 591|0x00000000a4f00000, 0x00000000a5000000, 0x00000000a5000000|100%|HC|  |TAMS 0x00000000a4f00000| PB 0x00000000a4f00000| Complete |  0
| 592|0x00000000a5000000, 0x00000000a5100000, 0x00000000a5100000|100%|HC|  |TAMS 0x00000000a5000000| PB 0x00000000a5000000| Complete |  0
| 593|0x00000000a5100000, 0x00000000a5200000, 0x00000000a5200000|100%|HC|  |TAMS 0x00000000a5100000| PB 0x00000000a5100000| Complete |  0
| 594|0x00000000a5200000, 0x00000000a5300000, 0x00000000a5300000|100%|HC|  |TAMS 0x00000000a5200000| PB 0x00000000a5200000| Complete |  0
| 595|0x00000000a5300000, 0x00000000a5400000, 0x00000000a5400000|100%|HS|  |TAMS 0x00000000a5300000| PB 0x00000000a5300000| Complete |  0
| 596|0x00000000a5400000, 0x00000000a5500000, 0x00000000a5500000|100%|HC|  |TAMS 0x00000000a5400000| PB 0x00000000a5400000| Complete |  0
| 597|0x00000000a5500000, 0x00000000a5600000, 0x00000000a5600000|100%|HC|  |TAMS 0x00000000a5500000| PB 0x00000000a5500000| Complete |  0
| 598|0x00000000a5600000, 0x00000000a5700000, 0x00000000a5700000|100%|HC|  |TAMS 0x00000000a5600000| PB 0x00000000a5600000| Complete |  0
| 599|0x00000000a5700000, 0x00000000a5800000, 0x00000000a5800000|100%|HS|  |TAMS 0x00000000a5700000| PB 0x00000000a5700000| Complete |  0
| 600|0x00000000a5800000, 0x00000000a5900000, 0x00000000a5900000|100%|HC|  |TAMS 0x00000000a5800000| PB 0x00000000a5800000| Complete |  0
| 601|0x00000000a5900000, 0x00000000a5a00000, 0x00000000a5a00000|100%|HC|  |TAMS 0x00000000a5900000| PB 0x00000000a5900000| Complete |  0
| 602|0x00000000a5a00000, 0x00000000a5b00000, 0x00000000a5b00000|100%|HC|  |TAMS 0x00000000a5a00000| PB 0x00000000a5a00000| Complete |  0
| 603|0x00000000a5b00000, 0x00000000a5c00000, 0x00000000a5c00000|100%|HC|  |TAMS 0x00000000a5b00000| PB 0x00000000a5b00000| Complete |  0
| 604|0x00000000a5c00000, 0x00000000a5d00000, 0x00000000a5d00000|100%|HS|  |TAMS 0x00000000a5c00000| PB 0x00000000a5c00000| Complete |  0
| 605|0x00000000a5d00000, 0x00000000a5e00000, 0x00000000a5e00000|100%|HC|  |TAMS 0x00000000a5d00000| PB 0x00000000a5d00000| Complete |  0
| 606|0x00000000a5e00000, 0x00000000a5f00000, 0x00000000a5f00000|100%|HC|  |TAMS 0x00000000a5e00000| PB 0x00000000a5e00000| Complete |  0
| 607|0x00000000a5f00000, 0x00000000a6000000, 0x00000000a6000000|100%|HC|  |TAMS 0x00000000a5f00000| PB 0x00000000a5f00000| Complete |  0
| 608|0x00000000a6000000, 0x00000000a6100000, 0x00000000a6100000|100%|HC|  |TAMS 0x00000000a6000000| PB 0x00000000a6000000| Complete |  0
| 609|0x00000000a6100000, 0x00000000a6200000, 0x00000000a6200000|100%|HC|  |TAMS 0x00000000a6100000| PB 0x00000000a6100000| Complete |  0
| 610|0x00000000a6200000, 0x00000000a6300000, 0x00000000a6300000|100%|HC|  |TAMS 0x00000000a6200000| PB 0x00000000a6200000| Complete |  0
| 611|0x00000000a6300000, 0x00000000a6400000, 0x00000000a6400000|100%|HC|  |TAMS 0x00000000a6300000| PB 0x00000000a6300000| Complete |  0
| 612|0x00000000a6400000, 0x00000000a6500000, 0x00000000a6500000|100%|HC|  |TAMS 0x00000000a6400000| PB 0x00000000a6400000| Complete |  0
| 613|0x00000000a6500000, 0x00000000a6600000, 0x00000000a6600000|100%|HC|  |TAMS 0x00000000a6500000| PB 0x00000000a6500000| Complete |  0
| 614|0x00000000a6600000, 0x00000000a6700000, 0x00000000a6700000|100%|HC|  |TAMS 0x00000000a6600000| PB 0x00000000a6600000| Complete |  0
| 615|0x00000000a6700000, 0x00000000a6800000, 0x00000000a6800000|100%|HC|  |TAMS 0x00000000a6700000| PB 0x00000000a6700000| Complete |  0
| 616|0x00000000a6800000, 0x00000000a6900000, 0x00000000a6900000|100%|HC|  |TAMS 0x00000000a6800000| PB 0x00000000a6800000| Complete |  0
| 617|0x00000000a6900000, 0x00000000a6900000, 0x00000000a6a00000|  0%| F|  |TAMS 0x00000000a6900000| PB 0x00000000a6900000| Untracked |  0
| 618|0x00000000a6a00000, 0x00000000a6a00000, 0x00000000a6b00000|  0%| F|  |TAMS 0x00000000a6a00000| PB 0x00000000a6a00000| Untracked |  0
| 619|0x00000000a6b00000, 0x00000000a6b00000, 0x00000000a6c00000|  0%| F|  |TAMS 0x00000000a6b00000| PB 0x00000000a6b00000| Untracked |  0
| 620|0x00000000a6c00000, 0x00000000a6c00000, 0x00000000a6d00000|  0%| F|  |TAMS 0x00000000a6c00000| PB 0x00000000a6c00000| Untracked |  0
| 621|0x00000000a6d00000, 0x00000000a6d00000, 0x00000000a6e00000|  0%| F|  |TAMS 0x00000000a6d00000| PB 0x00000000a6d00000| Untracked |  0
| 622|0x00000000a6e00000, 0x00000000a6e00000, 0x00000000a6f00000|  0%| F|  |TAMS 0x00000000a6e00000| PB 0x00000000a6e00000| Untracked |  0
| 623|0x00000000a6f00000, 0x00000000a6f00000, 0x00000000a7000000|  0%| F|  |TAMS 0x00000000a6f00000| PB 0x00000000a6f00000| Untracked |  0
| 624|0x00000000a7000000, 0x00000000a7000000, 0x00000000a7100000|  0%| F|  |TAMS 0x00000000a7000000| PB 0x00000000a7000000| Untracked |  0
| 625|0x00000000a7100000, 0x00000000a7100000, 0x00000000a7200000|  0%| F|  |TAMS 0x00000000a7100000| PB 0x00000000a7100000| Untracked |  0
| 626|0x00000000a7200000, 0x00000000a7200000, 0x00000000a7300000|  0%| F|  |TAMS 0x00000000a7200000| PB 0x00000000a7200000| Untracked |  0
| 627|0x00000000a7300000, 0x00000000a7300000, 0x00000000a7400000|  0%| F|  |TAMS 0x00000000a7300000| PB 0x00000000a7300000| Untracked |  0
| 628|0x00000000a7400000, 0x00000000a7400000, 0x00000000a7500000|  0%| F|  |TAMS 0x00000000a7400000| PB 0x00000000a7400000| Untracked |  0
| 629|0x00000000a7500000, 0x00000000a7500000, 0x00000000a7600000|  0%| F|  |TAMS 0x00000000a7500000| PB 0x00000000a7500000| Untracked |  0
| 630|0x00000000a7600000, 0x00000000a7600000, 0x00000000a7700000|  0%| F|  |TAMS 0x00000000a7600000| PB 0x00000000a7600000| Untracked |  0
| 631|0x00000000a7700000, 0x00000000a7700000, 0x00000000a7800000|  0%| F|  |TAMS 0x00000000a7700000| PB 0x00000000a7700000| Untracked |  0
| 632|0x00000000a7800000, 0x00000000a7800000, 0x00000000a7900000|  0%| F|  |TAMS 0x00000000a7800000| PB 0x00000000a7800000| Untracked |  0
| 633|0x00000000a7900000, 0x00000000a7900000, 0x00000000a7a00000|  0%| F|  |TAMS 0x00000000a7900000| PB 0x00000000a7900000| Untracked |  0
| 634|0x00000000a7a00000, 0x00000000a7a00000, 0x00000000a7b00000|  0%| F|  |TAMS 0x00000000a7a00000| PB 0x00000000a7a00000| Untracked |  0
| 635|0x00000000a7b00000, 0x00000000a7b00000, 0x00000000a7c00000|  0%| F|  |TAMS 0x00000000a7b00000| PB 0x00000000a7b00000| Untracked |  0
| 636|0x00000000a7c00000, 0x00000000a7c00000, 0x00000000a7d00000|  0%| F|  |TAMS 0x00000000a7c00000| PB 0x00000000a7c00000| Untracked |  0
| 637|0x00000000a7d00000, 0x00000000a7d00000, 0x00000000a7e00000|  0%| F|  |TAMS 0x00000000a7d00000| PB 0x00000000a7d00000| Untracked |  0
| 638|0x00000000a7e00000, 0x00000000a7e00000, 0x00000000a7f00000|  0%| F|  |TAMS 0x00000000a7e00000| PB 0x00000000a7e00000| Untracked |  0
| 639|0x00000000a7f00000, 0x00000000a7f00000, 0x00000000a8000000|  0%| F|  |TAMS 0x00000000a7f00000| PB 0x00000000a7f00000| Untracked |  0
| 640|0x00000000a8000000, 0x00000000a8000000, 0x00000000a8100000|  0%| F|  |TAMS 0x00000000a8000000| PB 0x00000000a8000000| Untracked |  0
| 641|0x00000000a8100000, 0x00000000a8100000, 0x00000000a8200000|  0%| F|  |TAMS 0x00000000a8100000| PB 0x00000000a8100000| Untracked |  0
| 642|0x00000000a8200000, 0x00000000a8200000, 0x00000000a8300000|  0%| F|  |TAMS 0x00000000a8200000| PB 0x00000000a8200000| Untracked |  0
| 643|0x00000000a8300000, 0x00000000a8300000, 0x00000000a8400000|  0%| F|  |TAMS 0x00000000a8300000| PB 0x00000000a8300000| Untracked |  0
| 644|0x00000000a8400000, 0x00000000a8400000, 0x00000000a8500000|  0%| F|  |TAMS 0x00000000a8400000| PB 0x00000000a8400000| Untracked |  0
| 645|0x00000000a8500000, 0x00000000a8500000, 0x00000000a8600000|  0%| F|  |TAMS 0x00000000a8500000| PB 0x00000000a8500000| Untracked |  0
| 646|0x00000000a8600000, 0x00000000a8600000, 0x00000000a8700000|  0%| F|  |TAMS 0x00000000a8600000| PB 0x00000000a8600000| Untracked |  0
| 647|0x00000000a8700000, 0x00000000a8800000, 0x00000000a8800000|100%| S|CS|TAMS 0x00000000a8700000| PB 0x00000000a8700000| Complete |  0
| 648|0x00000000a8800000, 0x00000000a8800000, 0x00000000a8900000|  0%| F|  |TAMS 0x00000000a8800000| PB 0x00000000a8800000| Untracked |  0
| 649|0x00000000a8900000, 0x00000000a8900000, 0x00000000a8a00000|  0%| F|  |TAMS 0x00000000a8900000| PB 0x00000000a8900000| Untracked |  0
| 650|0x00000000a8a00000, 0x00000000a8a00000, 0x00000000a8b00000|  0%| F|  |TAMS 0x00000000a8a00000| PB 0x00000000a8a00000| Untracked |  0
| 651|0x00000000a8b00000, 0x00000000a8b00000, 0x00000000a8c00000|  0%| F|  |TAMS 0x00000000a8b00000| PB 0x00000000a8b00000| Untracked |  0
| 652|0x00000000a8c00000, 0x00000000a8c00000, 0x00000000a8d00000|  0%| F|  |TAMS 0x00000000a8c00000| PB 0x00000000a8c00000| Untracked |  0
| 653|0x00000000a8d00000, 0x00000000a8d00000, 0x00000000a8e00000|  0%| F|  |TAMS 0x00000000a8d00000| PB 0x00000000a8d00000| Untracked |  0
| 654|0x00000000a8e00000, 0x00000000a8e00000, 0x00000000a8f00000|  0%| F|  |TAMS 0x00000000a8e00000| PB 0x00000000a8e00000| Untracked |  0
| 655|0x00000000a8f00000, 0x00000000a8f00000, 0x00000000a9000000|  0%| F|  |TAMS 0x00000000a8f00000| PB 0x00000000a8f00000| Untracked |  0
| 656|0x00000000a9000000, 0x00000000a9000000, 0x00000000a9100000|  0%| F|  |TAMS 0x00000000a9000000| PB 0x00000000a9000000| Untracked |  0
| 657|0x00000000a9100000, 0x00000000a9100000, 0x00000000a9200000|  0%| F|  |TAMS 0x00000000a9100000| PB 0x00000000a9100000| Untracked |  0
| 658|0x00000000a9200000, 0x00000000a9200000, 0x00000000a9300000|  0%| F|  |TAMS 0x00000000a9200000| PB 0x00000000a9200000| Untracked |  0
| 659|0x00000000a9300000, 0x00000000a9300000, 0x00000000a9400000|  0%| F|  |TAMS 0x00000000a9300000| PB 0x00000000a9300000| Untracked |  0
| 660|0x00000000a9400000, 0x00000000a9400000, 0x00000000a9500000|  0%| F|  |TAMS 0x00000000a9400000| PB 0x00000000a9400000| Untracked |  0
| 661|0x00000000a9500000, 0x00000000a9500000, 0x00000000a9600000|  0%| F|  |TAMS 0x00000000a9500000| PB 0x00000000a9500000| Untracked |  0
| 662|0x00000000a9600000, 0x00000000a9600000, 0x00000000a9700000|  0%| F|  |TAMS 0x00000000a9600000| PB 0x00000000a9600000| Untracked |  0
| 663|0x00000000a9700000, 0x00000000a9700000, 0x00000000a9800000|  0%| F|  |TAMS 0x00000000a9700000| PB 0x00000000a9700000| Untracked |  0
| 664|0x00000000a9800000, 0x00000000a9800000, 0x00000000a9900000|  0%| F|  |TAMS 0x00000000a9800000| PB 0x00000000a9800000| Untracked |  0
| 665|0x00000000a9900000, 0x00000000a9900000, 0x00000000a9a00000|  0%| F|  |TAMS 0x00000000a9900000| PB 0x00000000a9900000| Untracked |  0
| 666|0x00000000a9a00000, 0x00000000a9a00000, 0x00000000a9b00000|  0%| F|  |TAMS 0x00000000a9a00000| PB 0x00000000a9a00000| Untracked |  0
| 667|0x00000000a9b00000, 0x00000000a9b00000, 0x00000000a9c00000|  0%| F|  |TAMS 0x00000000a9b00000| PB 0x00000000a9b00000| Untracked |  0
| 668|0x00000000a9c00000, 0x00000000a9c00000, 0x00000000a9d00000|  0%| F|  |TAMS 0x00000000a9c00000| PB 0x00000000a9c00000| Untracked |  0
| 669|0x00000000a9d00000, 0x00000000a9d00000, 0x00000000a9e00000|  0%| F|  |TAMS 0x00000000a9d00000| PB 0x00000000a9d00000| Untracked |  0
| 670|0x00000000a9e00000, 0x00000000a9e00000, 0x00000000a9f00000|  0%| F|  |TAMS 0x00000000a9e00000| PB 0x00000000a9e00000| Untracked |  0
| 671|0x00000000a9f00000, 0x00000000a9f00000, 0x00000000aa000000|  0%| F|  |TAMS 0x00000000a9f00000| PB 0x00000000a9f00000| Untracked |  0
| 672|0x00000000aa000000, 0x00000000aa000000, 0x00000000aa100000|  0%| F|  |TAMS 0x00000000aa000000| PB 0x00000000aa000000| Untracked |  0
| 673|0x00000000aa100000, 0x00000000aa100000, 0x00000000aa200000|  0%| F|  |TAMS 0x00000000aa100000| PB 0x00000000aa100000| Untracked |  0
| 674|0x00000000aa200000, 0x00000000aa200000, 0x00000000aa300000|  0%| F|  |TAMS 0x00000000aa200000| PB 0x00000000aa200000| Untracked |  0
| 675|0x00000000aa300000, 0x00000000aa300000, 0x00000000aa400000|  0%| F|  |TAMS 0x00000000aa300000| PB 0x00000000aa300000| Untracked |  0
| 676|0x00000000aa400000, 0x00000000aa400000, 0x00000000aa500000|  0%| F|  |TAMS 0x00000000aa400000| PB 0x00000000aa400000| Untracked |  0
| 677|0x00000000aa500000, 0x00000000aa500000, 0x00000000aa600000|  0%| F|  |TAMS 0x00000000aa500000| PB 0x00000000aa500000| Untracked |  0
| 678|0x00000000aa600000, 0x00000000aa600000, 0x00000000aa700000|  0%| F|  |TAMS 0x00000000aa600000| PB 0x00000000aa600000| Untracked |  0
| 679|0x00000000aa700000, 0x00000000aa700000, 0x00000000aa800000|  0%| F|  |TAMS 0x00000000aa700000| PB 0x00000000aa700000| Untracked |  0
| 680|0x00000000aa800000, 0x00000000aa800000, 0x00000000aa900000|  0%| F|  |TAMS 0x00000000aa800000| PB 0x00000000aa800000| Untracked |  0
| 681|0x00000000aa900000, 0x00000000aa900000, 0x00000000aaa00000|  0%| F|  |TAMS 0x00000000aa900000| PB 0x00000000aa900000| Untracked |  0
| 682|0x00000000aaa00000, 0x00000000aaa00000, 0x00000000aab00000|  0%| F|  |TAMS 0x00000000aaa00000| PB 0x00000000aaa00000| Untracked |  0
| 683|0x00000000aab00000, 0x00000000aab00000, 0x00000000aac00000|  0%| F|  |TAMS 0x00000000aab00000| PB 0x00000000aab00000| Untracked |  0
| 684|0x00000000aac00000, 0x00000000aac00000, 0x00000000aad00000|  0%| F|  |TAMS 0x00000000aac00000| PB 0x00000000aac00000| Untracked |  0
| 685|0x00000000aad00000, 0x00000000aad00000, 0x00000000aae00000|  0%| F|  |TAMS 0x00000000aad00000| PB 0x00000000aad00000| Untracked |  0
| 686|0x00000000aae00000, 0x00000000aae00000, 0x00000000aaf00000|  0%| F|  |TAMS 0x00000000aae00000| PB 0x00000000aae00000| Untracked |  0
| 687|0x00000000aaf00000, 0x00000000aaf00000, 0x00000000ab000000|  0%| F|  |TAMS 0x00000000aaf00000| PB 0x00000000aaf00000| Untracked |  0
| 688|0x00000000ab000000, 0x00000000ab000000, 0x00000000ab100000|  0%| F|  |TAMS 0x00000000ab000000| PB 0x00000000ab000000| Untracked |  0
| 689|0x00000000ab100000, 0x00000000ab100000, 0x00000000ab200000|  0%| F|  |TAMS 0x00000000ab100000| PB 0x00000000ab100000| Untracked |  0
| 690|0x00000000ab200000, 0x00000000ab200000, 0x00000000ab300000|  0%| F|  |TAMS 0x00000000ab200000| PB 0x00000000ab200000| Untracked |  0
| 691|0x00000000ab300000, 0x00000000ab300000, 0x00000000ab400000|  0%| F|  |TAMS 0x00000000ab300000| PB 0x00000000ab300000| Untracked |  0
| 692|0x00000000ab400000, 0x00000000ab400000, 0x00000000ab500000|  0%| F|  |TAMS 0x00000000ab400000| PB 0x00000000ab400000| Untracked |  0
| 693|0x00000000ab500000, 0x00000000ab500000, 0x00000000ab600000|  0%| F|  |TAMS 0x00000000ab500000| PB 0x00000000ab500000| Untracked |  0
| 694|0x00000000ab600000, 0x00000000ab600000, 0x00000000ab700000|  0%| F|  |TAMS 0x00000000ab600000| PB 0x00000000ab600000| Untracked |  0
| 695|0x00000000ab700000, 0x00000000ab700000, 0x00000000ab800000|  0%| F|  |TAMS 0x00000000ab700000| PB 0x00000000ab700000| Untracked |  0
| 696|0x00000000ab800000, 0x00000000ab800000, 0x00000000ab900000|  0%| F|  |TAMS 0x00000000ab800000| PB 0x00000000ab800000| Untracked |  0
| 697|0x00000000ab900000, 0x00000000ab900000, 0x00000000aba00000|  0%| F|  |TAMS 0x00000000ab900000| PB 0x00000000ab900000| Untracked |  0
| 698|0x00000000aba00000, 0x00000000aba00000, 0x00000000abb00000|  0%| F|  |TAMS 0x00000000aba00000| PB 0x00000000aba00000| Untracked |  0
| 699|0x00000000abb00000, 0x00000000abb00000, 0x00000000abc00000|  0%| F|  |TAMS 0x00000000abb00000| PB 0x00000000abb00000| Untracked |  0
| 700|0x00000000abc00000, 0x00000000abc00000, 0x00000000abd00000|  0%| F|  |TAMS 0x00000000abc00000| PB 0x00000000abc00000| Untracked |  0
| 701|0x00000000abd00000, 0x00000000abd00000, 0x00000000abe00000|  0%| F|  |TAMS 0x00000000abd00000| PB 0x00000000abd00000| Untracked |  0
| 702|0x00000000abe00000, 0x00000000abe00000, 0x00000000abf00000|  0%| F|  |TAMS 0x00000000abe00000| PB 0x00000000abe00000| Untracked |  0
| 703|0x00000000abf00000, 0x00000000abf00000, 0x00000000ac000000|  0%| F|  |TAMS 0x00000000abf00000| PB 0x00000000abf00000| Untracked |  0
| 704|0x00000000ac000000, 0x00000000ac000000, 0x00000000ac100000|  0%| F|  |TAMS 0x00000000ac000000| PB 0x00000000ac000000| Untracked |  0
| 705|0x00000000ac100000, 0x00000000ac100000, 0x00000000ac200000|  0%| F|  |TAMS 0x00000000ac100000| PB 0x00000000ac100000| Untracked |  0
| 706|0x00000000ac200000, 0x00000000ac200000, 0x00000000ac300000|  0%| F|  |TAMS 0x00000000ac200000| PB 0x00000000ac200000| Untracked |  0
| 707|0x00000000ac300000, 0x00000000ac300000, 0x00000000ac400000|  0%| F|  |TAMS 0x00000000ac300000| PB 0x00000000ac300000| Untracked |  0
| 708|0x00000000ac400000, 0x00000000ac400000, 0x00000000ac500000|  0%| F|  |TAMS 0x00000000ac400000| PB 0x00000000ac400000| Untracked |  0
| 709|0x00000000ac500000, 0x00000000ac500000, 0x00000000ac600000|  0%| F|  |TAMS 0x00000000ac500000| PB 0x00000000ac500000| Untracked |  0
| 710|0x00000000ac600000, 0x00000000ac600000, 0x00000000ac700000|  0%| F|  |TAMS 0x00000000ac600000| PB 0x00000000ac600000| Untracked |  0
| 711|0x00000000ac700000, 0x00000000ac700000, 0x00000000ac800000|  0%| F|  |TAMS 0x00000000ac700000| PB 0x00000000ac700000| Untracked |  0
| 712|0x00000000ac800000, 0x00000000ac800000, 0x00000000ac900000|  0%| F|  |TAMS 0x00000000ac800000| PB 0x00000000ac800000| Untracked |  0
| 713|0x00000000ac900000, 0x00000000ac900000, 0x00000000aca00000|  0%| F|  |TAMS 0x00000000ac900000| PB 0x00000000ac900000| Untracked |  0
| 714|0x00000000aca00000, 0x00000000aca00000, 0x00000000acb00000|  0%| F|  |TAMS 0x00000000aca00000| PB 0x00000000aca00000| Untracked |  0
| 715|0x00000000acb00000, 0x00000000acb00000, 0x00000000acc00000|  0%| F|  |TAMS 0x00000000acb00000| PB 0x00000000acb00000| Untracked |  0
| 716|0x00000000acc00000, 0x00000000acc00000, 0x00000000acd00000|  0%| F|  |TAMS 0x00000000acc00000| PB 0x00000000acc00000| Untracked |  0
| 717|0x00000000acd00000, 0x00000000acd00000, 0x00000000ace00000|  0%| F|  |TAMS 0x00000000acd00000| PB 0x00000000acd00000| Untracked |  0
| 718|0x00000000ace00000, 0x00000000ace00000, 0x00000000acf00000|  0%| F|  |TAMS 0x00000000ace00000| PB 0x00000000ace00000| Untracked |  0
| 719|0x00000000acf00000, 0x00000000acf00000, 0x00000000ad000000|  0%| F|  |TAMS 0x00000000acf00000| PB 0x00000000acf00000| Untracked |  0
| 720|0x00000000ad000000, 0x00000000ad000000, 0x00000000ad100000|  0%| F|  |TAMS 0x00000000ad000000| PB 0x00000000ad000000| Untracked |  0
| 721|0x00000000ad100000, 0x00000000ad100000, 0x00000000ad200000|  0%| F|  |TAMS 0x00000000ad100000| PB 0x00000000ad100000| Untracked |  0
| 722|0x00000000ad200000, 0x00000000ad200000, 0x00000000ad300000|  0%| F|  |TAMS 0x00000000ad200000| PB 0x00000000ad200000| Untracked |  0
| 723|0x00000000ad300000, 0x00000000ad300000, 0x00000000ad400000|  0%| F|  |TAMS 0x00000000ad300000| PB 0x00000000ad300000| Untracked |  0
| 724|0x00000000ad400000, 0x00000000ad400000, 0x00000000ad500000|  0%| F|  |TAMS 0x00000000ad400000| PB 0x00000000ad400000| Untracked |  0
| 725|0x00000000ad500000, 0x00000000ad500000, 0x00000000ad600000|  0%| F|  |TAMS 0x00000000ad500000| PB 0x00000000ad500000| Untracked |  0
| 726|0x00000000ad600000, 0x00000000ad600000, 0x00000000ad700000|  0%| F|  |TAMS 0x00000000ad600000| PB 0x00000000ad600000| Untracked |  0
| 727|0x00000000ad700000, 0x00000000ad700000, 0x00000000ad800000|  0%| F|  |TAMS 0x00000000ad700000| PB 0x00000000ad700000| Untracked |  0
| 728|0x00000000ad800000, 0x00000000ad800000, 0x00000000ad900000|  0%| F|  |TAMS 0x00000000ad800000| PB 0x00000000ad800000| Untracked |  0
| 729|0x00000000ad900000, 0x00000000ad900000, 0x00000000ada00000|  0%| F|  |TAMS 0x00000000ad900000| PB 0x00000000ad900000| Untracked |  0
| 730|0x00000000ada00000, 0x00000000ada00000, 0x00000000adb00000|  0%| F|  |TAMS 0x00000000ada00000| PB 0x00000000ada00000| Untracked |  0
| 731|0x00000000adb00000, 0x00000000adb00000, 0x00000000adc00000|  0%| F|  |TAMS 0x00000000adb00000| PB 0x00000000adb00000| Untracked |  0
| 732|0x00000000adc00000, 0x00000000adc00000, 0x00000000add00000|  0%| F|  |TAMS 0x00000000adc00000| PB 0x00000000adc00000| Untracked |  0
| 733|0x00000000add00000, 0x00000000add00000, 0x00000000ade00000|  0%| F|  |TAMS 0x00000000add00000| PB 0x00000000add00000| Untracked |  0
| 734|0x00000000ade00000, 0x00000000ade00000, 0x00000000adf00000|  0%| F|  |TAMS 0x00000000ade00000| PB 0x00000000ade00000| Untracked |  0
| 735|0x00000000adf00000, 0x00000000adf00000, 0x00000000ae000000|  0%| F|  |TAMS 0x00000000adf00000| PB 0x00000000adf00000| Untracked |  0
| 736|0x00000000ae000000, 0x00000000ae000000, 0x00000000ae100000|  0%| F|  |TAMS 0x00000000ae000000| PB 0x00000000ae000000| Untracked |  0
| 737|0x00000000ae100000, 0x00000000ae100000, 0x00000000ae200000|  0%| F|  |TAMS 0x00000000ae100000| PB 0x00000000ae100000| Untracked |  0
| 738|0x00000000ae200000, 0x00000000ae200000, 0x00000000ae300000|  0%| F|  |TAMS 0x00000000ae200000| PB 0x00000000ae200000| Untracked |  0
| 739|0x00000000ae300000, 0x00000000ae300000, 0x00000000ae400000|  0%| F|  |TAMS 0x00000000ae300000| PB 0x00000000ae300000| Untracked |  0
| 740|0x00000000ae400000, 0x00000000ae400000, 0x00000000ae500000|  0%| F|  |TAMS 0x00000000ae400000| PB 0x00000000ae400000| Untracked |  0
| 741|0x00000000ae500000, 0x00000000ae500000, 0x00000000ae600000|  0%| F|  |TAMS 0x00000000ae500000| PB 0x00000000ae500000| Untracked |  0
| 742|0x00000000ae600000, 0x00000000ae600000, 0x00000000ae700000|  0%| F|  |TAMS 0x00000000ae600000| PB 0x00000000ae600000| Untracked |  0
| 743|0x00000000ae700000, 0x00000000ae700000, 0x00000000ae800000|  0%| F|  |TAMS 0x00000000ae700000| PB 0x00000000ae700000| Untracked |  0
| 744|0x00000000ae800000, 0x00000000ae800000, 0x00000000ae900000|  0%| F|  |TAMS 0x00000000ae800000| PB 0x00000000ae800000| Untracked |  0
| 745|0x00000000ae900000, 0x00000000aea00000, 0x00000000aea00000|100%|HS|  |TAMS 0x00000000ae900000| PB 0x00000000ae900000| Complete |  0
| 746|0x00000000aea00000, 0x00000000aeb00000, 0x00000000aeb00000|100%|HC|  |TAMS 0x00000000aea00000| PB 0x00000000aea00000| Complete |  0
| 747|0x00000000aeb00000, 0x00000000aec00000, 0x00000000aec00000|100%|HC|  |TAMS 0x00000000aeb00000| PB 0x00000000aeb00000| Complete |  0
| 748|0x00000000aec00000, 0x00000000aed00000, 0x00000000aed00000|100%|HC|  |TAMS 0x00000000aec00000| PB 0x00000000aec00000| Complete |  0
| 749|0x00000000aed00000, 0x00000000aee00000, 0x00000000aee00000|100%|HC|  |TAMS 0x00000000aed00000| PB 0x00000000aed00000| Complete |  0
| 750|0x00000000aee00000, 0x00000000aef00000, 0x00000000aef00000|100%|HC|  |TAMS 0x00000000aee00000| PB 0x00000000aee00000| Complete |  0
| 751|0x00000000aef00000, 0x00000000af000000, 0x00000000af000000|100%|HC|  |TAMS 0x00000000aef00000| PB 0x00000000aef00000| Complete |  0
| 752|0x00000000af000000, 0x00000000af100000, 0x00000000af100000|100%|HC|  |TAMS 0x00000000af000000| PB 0x00000000af000000| Complete |  0
| 753|0x00000000af100000, 0x00000000af200000, 0x00000000af200000|100%|HC|  |TAMS 0x00000000af100000| PB 0x00000000af100000| Complete |  0
| 754|0x00000000af200000, 0x00000000af300000, 0x00000000af300000|100%|HC|  |TAMS 0x00000000af200000| PB 0x00000000af200000| Complete |  0
| 755|0x00000000af300000, 0x00000000af400000, 0x00000000af400000|100%|HC|  |TAMS 0x00000000af300000| PB 0x00000000af300000| Complete |  0
| 756|0x00000000af400000, 0x00000000af500000, 0x00000000af500000|100%|HC|  |TAMS 0x00000000af400000| PB 0x00000000af400000| Complete |  0
| 757|0x00000000af500000, 0x00000000af600000, 0x00000000af600000|100%|HC|  |TAMS 0x00000000af500000| PB 0x00000000af500000| Complete |  0
| 758|0x00000000af600000, 0x00000000af700000, 0x00000000af700000|100%|HC|  |TAMS 0x00000000af600000| PB 0x00000000af600000| Complete |  0
| 759|0x00000000af700000, 0x00000000af800000, 0x00000000af800000|100%|HC|  |TAMS 0x00000000af700000| PB 0x00000000af700000| Complete |  0
| 760|0x00000000af800000, 0x00000000af900000, 0x00000000af900000|100%|HC|  |TAMS 0x00000000af800000| PB 0x00000000af800000| Complete |  0
| 761|0x00000000af900000, 0x00000000afa00000, 0x00000000afa00000|100%|HC|  |TAMS 0x00000000af900000| PB 0x00000000af900000| Complete |  0
| 762|0x00000000afa00000, 0x00000000afb00000, 0x00000000afb00000|100%|HC|  |TAMS 0x00000000afa00000| PB 0x00000000afa00000| Complete |  0
| 763|0x00000000afb00000, 0x00000000afc00000, 0x00000000afc00000|100%|HC|  |TAMS 0x00000000afb00000| PB 0x00000000afb00000| Complete |  0
| 764|0x00000000afc00000, 0x00000000afd00000, 0x00000000afd00000|100%|HC|  |TAMS 0x00000000afc00000| PB 0x00000000afc00000| Complete |  0
| 765|0x00000000afd00000, 0x00000000afe00000, 0x00000000afe00000|100%|HC|  |TAMS 0x00000000afd00000| PB 0x00000000afd00000| Complete |  0
| 766|0x00000000afe00000, 0x00000000aff00000, 0x00000000aff00000|100%|HC|  |TAMS 0x00000000afe00000| PB 0x00000000afe00000| Complete |  0
| 767|0x00000000aff00000, 0x00000000b0000000, 0x00000000b0000000|100%|HC|  |TAMS 0x00000000aff00000| PB 0x00000000aff00000| Complete |  0
| 768|0x00000000b0000000, 0x00000000b0100000, 0x00000000b0100000|100%|HC|  |TAMS 0x00000000b0000000| PB 0x00000000b0000000| Complete |  0
| 769|0x00000000b0100000, 0x00000000b0200000, 0x00000000b0200000|100%|HC|  |TAMS 0x00000000b0100000| PB 0x00000000b0100000| Complete |  0
| 770|0x00000000b0200000, 0x00000000b0300000, 0x00000000b0300000|100%|HC|  |TAMS 0x00000000b0200000| PB 0x00000000b0200000| Complete |  0
| 771|0x00000000b0300000, 0x00000000b0400000, 0x00000000b0400000|100%|HC|  |TAMS 0x00000000b0300000| PB 0x00000000b0300000| Complete |  0
| 772|0x00000000b0400000, 0x00000000b0500000, 0x00000000b0500000|100%|HC|  |TAMS 0x00000000b0400000| PB 0x00000000b0400000| Complete |  0
| 773|0x00000000b0500000, 0x00000000b0600000, 0x00000000b0600000|100%|HC|  |TAMS 0x00000000b0500000| PB 0x00000000b0500000| Complete |  0
| 774|0x00000000b0600000, 0x00000000b0700000, 0x00000000b0700000|100%|HC|  |TAMS 0x00000000b0600000| PB 0x00000000b0600000| Complete |  0
| 775|0x00000000b0700000, 0x00000000b0800000, 0x00000000b0800000|100%|HC|  |TAMS 0x00000000b0700000| PB 0x00000000b0700000| Complete |  0
| 776|0x00000000b0800000, 0x00000000b0900000, 0x00000000b0900000|100%|HC|  |TAMS 0x00000000b0800000| PB 0x00000000b0800000| Complete |  0
| 777|0x00000000b0900000, 0x00000000b0a00000, 0x00000000b0a00000|100%|HC|  |TAMS 0x00000000b0900000| PB 0x00000000b0900000| Complete |  0
| 778|0x00000000b0a00000, 0x00000000b0b00000, 0x00000000b0b00000|100%|HC|  |TAMS 0x00000000b0a00000| PB 0x00000000b0a00000| Complete |  0
| 779|0x00000000b0b00000, 0x00000000b0c00000, 0x00000000b0c00000|100%|HC|  |TAMS 0x00000000b0b00000| PB 0x00000000b0b00000| Complete |  0
| 780|0x00000000b0c00000, 0x00000000b0d00000, 0x00000000b0d00000|100%|HC|  |TAMS 0x00000000b0c00000| PB 0x00000000b0c00000| Complete |  0
| 781|0x00000000b0d00000, 0x00000000b0e00000, 0x00000000b0e00000|100%|HC|  |TAMS 0x00000000b0d00000| PB 0x00000000b0d00000| Complete |  0
| 782|0x00000000b0e00000, 0x00000000b0f00000, 0x00000000b0f00000|100%|HC|  |TAMS 0x00000000b0e00000| PB 0x00000000b0e00000| Complete |  0
| 783|0x00000000b0f00000, 0x00000000b1000000, 0x00000000b1000000|100%|HC|  |TAMS 0x00000000b0f00000| PB 0x00000000b0f00000| Complete |  0
| 784|0x00000000b1000000, 0x00000000b1100000, 0x00000000b1100000|100%|HC|  |TAMS 0x00000000b1000000| PB 0x00000000b1000000| Complete |  0
| 785|0x00000000b1100000, 0x00000000b1100000, 0x00000000b1200000|  0%| F|  |TAMS 0x00000000b1100000| PB 0x00000000b1100000| Untracked |  0
| 786|0x00000000b1200000, 0x00000000b1200000, 0x00000000b1300000|  0%| F|  |TAMS 0x00000000b1200000| PB 0x00000000b1200000| Untracked |  0
| 787|0x00000000b1300000, 0x00000000b1300000, 0x00000000b1400000|  0%| F|  |TAMS 0x00000000b1300000| PB 0x00000000b1300000| Untracked |  0
| 788|0x00000000b1400000, 0x00000000b1400000, 0x00000000b1500000|  0%| F|  |TAMS 0x00000000b1400000| PB 0x00000000b1400000| Untracked |  0
| 789|0x00000000b1500000, 0x00000000b1500000, 0x00000000b1600000|  0%| F|  |TAMS 0x00000000b1500000| PB 0x00000000b1500000| Untracked |  0
| 790|0x00000000b1600000, 0x00000000b1600000, 0x00000000b1700000|  0%| F|  |TAMS 0x00000000b1600000| PB 0x00000000b1600000| Untracked |  0
| 791|0x00000000b1700000, 0x00000000b1700000, 0x00000000b1800000|  0%| F|  |TAMS 0x00000000b1700000| PB 0x00000000b1700000| Untracked |  0
| 792|0x00000000b1800000, 0x00000000b1800000, 0x00000000b1900000|  0%| F|  |TAMS 0x00000000b1800000| PB 0x00000000b1800000| Untracked |  0
| 793|0x00000000b1900000, 0x00000000b1900000, 0x00000000b1a00000|  0%| F|  |TAMS 0x00000000b1900000| PB 0x00000000b1900000| Untracked |  0
| 794|0x00000000b1a00000, 0x00000000b1a00000, 0x00000000b1b00000|  0%| F|  |TAMS 0x00000000b1a00000| PB 0x00000000b1a00000| Untracked |  0
| 795|0x00000000b1b00000, 0x00000000b1b00000, 0x00000000b1c00000|  0%| F|  |TAMS 0x00000000b1b00000| PB 0x00000000b1b00000| Untracked |  0
| 796|0x00000000b1c00000, 0x00000000b1c00000, 0x00000000b1d00000|  0%| F|  |TAMS 0x00000000b1c00000| PB 0x00000000b1c00000| Untracked |  0
| 797|0x00000000b1d00000, 0x00000000b1d00000, 0x00000000b1e00000|  0%| F|  |TAMS 0x00000000b1d00000| PB 0x00000000b1d00000| Untracked |  0
| 798|0x00000000b1e00000, 0x00000000b1e00000, 0x00000000b1f00000|  0%| F|  |TAMS 0x00000000b1e00000| PB 0x00000000b1e00000| Untracked |  0
| 799|0x00000000b1f00000, 0x00000000b1f00000, 0x00000000b2000000|  0%| F|  |TAMS 0x00000000b1f00000| PB 0x00000000b1f00000| Untracked |  0
| 800|0x00000000b2000000, 0x00000000b2000000, 0x00000000b2100000|  0%| F|  |TAMS 0x00000000b2000000| PB 0x00000000b2000000| Untracked |  0
| 801|0x00000000b2100000, 0x00000000b2100000, 0x00000000b2200000|  0%| F|  |TAMS 0x00000000b2100000| PB 0x00000000b2100000| Untracked |  0
| 802|0x00000000b2200000, 0x00000000b2200000, 0x00000000b2300000|  0%| F|  |TAMS 0x00000000b2200000| PB 0x00000000b2200000| Untracked |  0
| 803|0x00000000b2300000, 0x00000000b2300000, 0x00000000b2400000|  0%| F|  |TAMS 0x00000000b2300000| PB 0x00000000b2300000| Untracked |  0
| 804|0x00000000b2400000, 0x00000000b2400000, 0x00000000b2500000|  0%| F|  |TAMS 0x00000000b2400000| PB 0x00000000b2400000| Untracked |  0
| 805|0x00000000b2500000, 0x00000000b2500000, 0x00000000b2600000|  0%| F|  |TAMS 0x00000000b2500000| PB 0x00000000b2500000| Untracked |  0
| 806|0x00000000b2600000, 0x00000000b2600000, 0x00000000b2700000|  0%| F|  |TAMS 0x00000000b2600000| PB 0x00000000b2600000| Untracked |  0
| 807|0x00000000b2700000, 0x00000000b2700000, 0x00000000b2800000|  0%| F|  |TAMS 0x00000000b2700000| PB 0x00000000b2700000| Untracked |  0
| 808|0x00000000b2800000, 0x00000000b2800000, 0x00000000b2900000|  0%| F|  |TAMS 0x00000000b2800000| PB 0x00000000b2800000| Untracked |  0
| 809|0x00000000b2900000, 0x00000000b2900000, 0x00000000b2a00000|  0%| F|  |TAMS 0x00000000b2900000| PB 0x00000000b2900000| Untracked |  0
| 810|0x00000000b2a00000, 0x00000000b2a00000, 0x00000000b2b00000|  0%| F|  |TAMS 0x00000000b2a00000| PB 0x00000000b2a00000| Untracked |  0
| 811|0x00000000b2b00000, 0x00000000b2b00000, 0x00000000b2c00000|  0%| F|  |TAMS 0x00000000b2b00000| PB 0x00000000b2b00000| Untracked |  0
| 812|0x00000000b2c00000, 0x00000000b2c00000, 0x00000000b2d00000|  0%| F|  |TAMS 0x00000000b2c00000| PB 0x00000000b2c00000| Untracked |  0
| 813|0x00000000b2d00000, 0x00000000b2d00000, 0x00000000b2e00000|  0%| F|  |TAMS 0x00000000b2d00000| PB 0x00000000b2d00000| Untracked |  0
| 814|0x00000000b2e00000, 0x00000000b2e00000, 0x00000000b2f00000|  0%| F|  |TAMS 0x00000000b2e00000| PB 0x00000000b2e00000| Untracked |  0
| 815|0x00000000b2f00000, 0x00000000b2f00000, 0x00000000b3000000|  0%| F|  |TAMS 0x00000000b2f00000| PB 0x00000000b2f00000| Untracked |  0
| 816|0x00000000b3000000, 0x00000000b3000000, 0x00000000b3100000|  0%| F|  |TAMS 0x00000000b3000000| PB 0x00000000b3000000| Untracked |  0
| 817|0x00000000b3100000, 0x00000000b3100000, 0x00000000b3200000|  0%| F|  |TAMS 0x00000000b3100000| PB 0x00000000b3100000| Untracked |  0
| 818|0x00000000b3200000, 0x00000000b3200000, 0x00000000b3300000|  0%| F|  |TAMS 0x00000000b3200000| PB 0x00000000b3200000| Untracked |  0
| 819|0x00000000b3300000, 0x00000000b3300000, 0x00000000b3400000|  0%| F|  |TAMS 0x00000000b3300000| PB 0x00000000b3300000| Untracked |  0
| 820|0x00000000b3400000, 0x00000000b3400000, 0x00000000b3500000|  0%| F|  |TAMS 0x00000000b3400000| PB 0x00000000b3400000| Untracked |  0
| 821|0x00000000b3500000, 0x00000000b3500000, 0x00000000b3600000|  0%| F|  |TAMS 0x00000000b3500000| PB 0x00000000b3500000| Untracked |  0
| 822|0x00000000b3600000, 0x00000000b3600000, 0x00000000b3700000|  0%| F|  |TAMS 0x00000000b3600000| PB 0x00000000b3600000| Untracked |  0
| 823|0x00000000b3700000, 0x00000000b3700000, 0x00000000b3800000|  0%| F|  |TAMS 0x00000000b3700000| PB 0x00000000b3700000| Untracked |  0
| 824|0x00000000b3800000, 0x00000000b3800000, 0x00000000b3900000|  0%| F|  |TAMS 0x00000000b3800000| PB 0x00000000b3800000| Untracked |  0
| 825|0x00000000b3900000, 0x00000000b3900000, 0x00000000b3a00000|  0%| F|  |TAMS 0x00000000b3900000| PB 0x00000000b3900000| Untracked |  0
| 826|0x00000000b3a00000, 0x00000000b3a00000, 0x00000000b3b00000|  0%| F|  |TAMS 0x00000000b3a00000| PB 0x00000000b3a00000| Untracked |  0
| 827|0x00000000b3b00000, 0x00000000b3b00000, 0x00000000b3c00000|  0%| F|  |TAMS 0x00000000b3b00000| PB 0x00000000b3b00000| Untracked |  0
| 828|0x00000000b3c00000, 0x00000000b3c00000, 0x00000000b3d00000|  0%| F|  |TAMS 0x00000000b3c00000| PB 0x00000000b3c00000| Untracked |  0
| 829|0x00000000b3d00000, 0x00000000b3d00000, 0x00000000b3e00000|  0%| F|  |TAMS 0x00000000b3d00000| PB 0x00000000b3d00000| Untracked |  0
| 830|0x00000000b3e00000, 0x00000000b3e00000, 0x00000000b3f00000|  0%| F|  |TAMS 0x00000000b3e00000| PB 0x00000000b3e00000| Untracked |  0
| 831|0x00000000b3f00000, 0x00000000b3f00000, 0x00000000b4000000|  0%| F|  |TAMS 0x00000000b3f00000| PB 0x00000000b3f00000| Untracked |  0
| 832|0x00000000b4000000, 0x00000000b4000000, 0x00000000b4100000|  0%| F|  |TAMS 0x00000000b4000000| PB 0x00000000b4000000| Untracked |  0
| 833|0x00000000b4100000, 0x00000000b4100000, 0x00000000b4200000|  0%| F|  |TAMS 0x00000000b4100000| PB 0x00000000b4100000| Untracked |  0
| 834|0x00000000b4200000, 0x00000000b4200000, 0x00000000b4300000|  0%| F|  |TAMS 0x00000000b4200000| PB 0x00000000b4200000| Untracked |  0
| 835|0x00000000b4300000, 0x00000000b4300000, 0x00000000b4400000|  0%| F|  |TAMS 0x00000000b4300000| PB 0x00000000b4300000| Untracked |  0
| 836|0x00000000b4400000, 0x00000000b4400000, 0x00000000b4500000|  0%| F|  |TAMS 0x00000000b4400000| PB 0x00000000b4400000| Untracked |  0
| 837|0x00000000b4500000, 0x00000000b4500000, 0x00000000b4600000|  0%| F|  |TAMS 0x00000000b4500000| PB 0x00000000b4500000| Untracked |  0
| 838|0x00000000b4600000, 0x00000000b4600000, 0x00000000b4700000|  0%| F|  |TAMS 0x00000000b4600000| PB 0x00000000b4600000| Untracked |  0
| 839|0x00000000b4700000, 0x00000000b4700000, 0x00000000b4800000|  0%| F|  |TAMS 0x00000000b4700000| PB 0x00000000b4700000| Untracked |  0
| 840|0x00000000b4800000, 0x00000000b4800000, 0x00000000b4900000|  0%| F|  |TAMS 0x00000000b4800000| PB 0x00000000b4800000| Untracked |  0
| 841|0x00000000b4900000, 0x00000000b4900000, 0x00000000b4a00000|  0%| F|  |TAMS 0x00000000b4900000| PB 0x00000000b4900000| Untracked |  0
| 842|0x00000000b4a00000, 0x00000000b4a00000, 0x00000000b4b00000|  0%| F|  |TAMS 0x00000000b4a00000| PB 0x00000000b4a00000| Untracked |  0
| 843|0x00000000b4b00000, 0x00000000b4b00000, 0x00000000b4c00000|  0%| F|  |TAMS 0x00000000b4b00000| PB 0x00000000b4b00000| Untracked |  0
| 844|0x00000000b4c00000, 0x00000000b4c00000, 0x00000000b4d00000|  0%| F|  |TAMS 0x00000000b4c00000| PB 0x00000000b4c00000| Untracked |  0
| 845|0x00000000b4d00000, 0x00000000b4d00000, 0x00000000b4e00000|  0%| F|  |TAMS 0x00000000b4d00000| PB 0x00000000b4d00000| Untracked |  0
| 846|0x00000000b4e00000, 0x00000000b4e00000, 0x00000000b4f00000|  0%| F|  |TAMS 0x00000000b4e00000| PB 0x00000000b4e00000| Untracked |  0
| 847|0x00000000b4f00000, 0x00000000b4f00000, 0x00000000b5000000|  0%| F|  |TAMS 0x00000000b4f00000| PB 0x00000000b4f00000| Untracked |  0
| 848|0x00000000b5000000, 0x00000000b5000000, 0x00000000b5100000|  0%| F|  |TAMS 0x00000000b5000000| PB 0x00000000b5000000| Untracked |  0
| 849|0x00000000b5100000, 0x00000000b5100000, 0x00000000b5200000|  0%| F|  |TAMS 0x00000000b5100000| PB 0x00000000b5100000| Untracked |  0
| 850|0x00000000b5200000, 0x00000000b5200000, 0x00000000b5300000|  0%| F|  |TAMS 0x00000000b5200000| PB 0x00000000b5200000| Untracked |  0
| 851|0x00000000b5300000, 0x00000000b5300000, 0x00000000b5400000|  0%| F|  |TAMS 0x00000000b5300000| PB 0x00000000b5300000| Untracked |  0
| 852|0x00000000b5400000, 0x00000000b5400000, 0x00000000b5500000|  0%| F|  |TAMS 0x00000000b5400000| PB 0x00000000b5400000| Untracked |  0
| 853|0x00000000b5500000, 0x00000000b5500000, 0x00000000b5600000|  0%| F|  |TAMS 0x00000000b5500000| PB 0x00000000b5500000| Untracked |  0
| 854|0x00000000b5600000, 0x00000000b5600000, 0x00000000b5700000|  0%| F|  |TAMS 0x00000000b5600000| PB 0x00000000b5600000| Untracked |  0
| 855|0x00000000b5700000, 0x00000000b5700000, 0x00000000b5800000|  0%| F|  |TAMS 0x00000000b5700000| PB 0x00000000b5700000| Untracked |  0
| 856|0x00000000b5800000, 0x00000000b5800000, 0x00000000b5900000|  0%| F|  |TAMS 0x00000000b5800000| PB 0x00000000b5800000| Untracked |  0
| 857|0x00000000b5900000, 0x00000000b5900000, 0x00000000b5a00000|  0%| F|  |TAMS 0x00000000b5900000| PB 0x00000000b5900000| Untracked |  0
| 858|0x00000000b5a00000, 0x00000000b5a00000, 0x00000000b5b00000|  0%| F|  |TAMS 0x00000000b5a00000| PB 0x00000000b5a00000| Untracked |  0
| 859|0x00000000b5b00000, 0x00000000b5b00000, 0x00000000b5c00000|  0%| F|  |TAMS 0x00000000b5b00000| PB 0x00000000b5b00000| Untracked |  0
| 860|0x00000000b5c00000, 0x00000000b5c00000, 0x00000000b5d00000|  0%| F|  |TAMS 0x00000000b5c00000| PB 0x00000000b5c00000| Untracked |  0
| 861|0x00000000b5d00000, 0x00000000b5d00000, 0x00000000b5e00000|  0%| F|  |TAMS 0x00000000b5d00000| PB 0x00000000b5d00000| Untracked |  0
| 862|0x00000000b5e00000, 0x00000000b5e00000, 0x00000000b5f00000|  0%| F|  |TAMS 0x00000000b5e00000| PB 0x00000000b5e00000| Untracked |  0
| 863|0x00000000b5f00000, 0x00000000b5f00000, 0x00000000b6000000|  0%| F|  |TAMS 0x00000000b5f00000| PB 0x00000000b5f00000| Untracked |  0
| 864|0x00000000b6000000, 0x00000000b6000000, 0x00000000b6100000|  0%| F|  |TAMS 0x00000000b6000000| PB 0x00000000b6000000| Untracked |  0
| 865|0x00000000b6100000, 0x00000000b6100000, 0x00000000b6200000|  0%| F|  |TAMS 0x00000000b6100000| PB 0x00000000b6100000| Untracked |  0
| 866|0x00000000b6200000, 0x00000000b6200000, 0x00000000b6300000|  0%| F|  |TAMS 0x00000000b6200000| PB 0x00000000b6200000| Untracked |  0
| 867|0x00000000b6300000, 0x00000000b6300000, 0x00000000b6400000|  0%| F|  |TAMS 0x00000000b6300000| PB 0x00000000b6300000| Untracked |  0
| 868|0x00000000b6400000, 0x00000000b6400000, 0x00000000b6500000|  0%| F|  |TAMS 0x00000000b6400000| PB 0x00000000b6400000| Untracked |  0
| 869|0x00000000b6500000, 0x00000000b6500000, 0x00000000b6600000|  0%| F|  |TAMS 0x00000000b6500000| PB 0x00000000b6500000| Untracked |  0
| 870|0x00000000b6600000, 0x00000000b6600000, 0x00000000b6700000|  0%| F|  |TAMS 0x00000000b6600000| PB 0x00000000b6600000| Untracked |  0
| 871|0x00000000b6700000, 0x00000000b6700000, 0x00000000b6800000|  0%| F|  |TAMS 0x00000000b6700000| PB 0x00000000b6700000| Untracked |  0
| 872|0x00000000b6800000, 0x00000000b6800000, 0x00000000b6900000|  0%| F|  |TAMS 0x00000000b6800000| PB 0x00000000b6800000| Untracked |  0
| 873|0x00000000b6900000, 0x00000000b6900000, 0x00000000b6a00000|  0%| F|  |TAMS 0x00000000b6900000| PB 0x00000000b6900000| Untracked |  0
| 874|0x00000000b6a00000, 0x00000000b6a00000, 0x00000000b6b00000|  0%| F|  |TAMS 0x00000000b6a00000| PB 0x00000000b6a00000| Untracked |  0
| 875|0x00000000b6b00000, 0x00000000b6b00000, 0x00000000b6c00000|  0%| F|  |TAMS 0x00000000b6b00000| PB 0x00000000b6b00000| Untracked |  0
| 876|0x00000000b6c00000, 0x00000000b6c00000, 0x00000000b6d00000|  0%| F|  |TAMS 0x00000000b6c00000| PB 0x00000000b6c00000| Untracked |  0
| 877|0x00000000b6d00000, 0x00000000b6d00000, 0x00000000b6e00000|  0%| F|  |TAMS 0x00000000b6d00000| PB 0x00000000b6d00000| Untracked |  0
| 878|0x00000000b6e00000, 0x00000000b6e00000, 0x00000000b6f00000|  0%| F|  |TAMS 0x00000000b6e00000| PB 0x00000000b6e00000| Untracked |  0
| 879|0x00000000b6f00000, 0x00000000b6f00000, 0x00000000b7000000|  0%| F|  |TAMS 0x00000000b6f00000| PB 0x00000000b6f00000| Untracked |  0
| 880|0x00000000b7000000, 0x00000000b7000000, 0x00000000b7100000|  0%| F|  |TAMS 0x00000000b7000000| PB 0x00000000b7000000| Untracked |  0
| 881|0x00000000b7100000, 0x00000000b7100000, 0x00000000b7200000|  0%| F|  |TAMS 0x00000000b7100000| PB 0x00000000b7100000| Untracked |  0
| 882|0x00000000b7200000, 0x00000000b7200000, 0x00000000b7300000|  0%| F|  |TAMS 0x00000000b7200000| PB 0x00000000b7200000| Untracked |  0
| 883|0x00000000b7300000, 0x00000000b7300000, 0x00000000b7400000|  0%| F|  |TAMS 0x00000000b7300000| PB 0x00000000b7300000| Untracked |  0
| 884|0x00000000b7400000, 0x00000000b7400000, 0x00000000b7500000|  0%| F|  |TAMS 0x00000000b7400000| PB 0x00000000b7400000| Untracked |  0
| 885|0x00000000b7500000, 0x00000000b7500000, 0x00000000b7600000|  0%| F|  |TAMS 0x00000000b7500000| PB 0x00000000b7500000| Untracked |  0
| 886|0x00000000b7600000, 0x00000000b7600000, 0x00000000b7700000|  0%| F|  |TAMS 0x00000000b7600000| PB 0x00000000b7600000| Untracked |  0
| 887|0x00000000b7700000, 0x00000000b7700000, 0x00000000b7800000|  0%| F|  |TAMS 0x00000000b7700000| PB 0x00000000b7700000| Untracked |  0
| 888|0x00000000b7800000, 0x00000000b7800000, 0x00000000b7900000|  0%| F|  |TAMS 0x00000000b7800000| PB 0x00000000b7800000| Untracked |  0
| 889|0x00000000b7900000, 0x00000000b7900000, 0x00000000b7a00000|  0%| F|  |TAMS 0x00000000b7900000| PB 0x00000000b7900000| Untracked |  0
| 890|0x00000000b7a00000, 0x00000000b7a00000, 0x00000000b7b00000|  0%| F|  |TAMS 0x00000000b7a00000| PB 0x00000000b7a00000| Untracked |  0
| 891|0x00000000b7b00000, 0x00000000b7b00000, 0x00000000b7c00000|  0%| F|  |TAMS 0x00000000b7b00000| PB 0x00000000b7b00000| Untracked |  0
| 892|0x00000000b7c00000, 0x00000000b7c00000, 0x00000000b7d00000|  0%| F|  |TAMS 0x00000000b7c00000| PB 0x00000000b7c00000| Untracked |  0
| 893|0x00000000b7d00000, 0x00000000b7d00000, 0x00000000b7e00000|  0%| F|  |TAMS 0x00000000b7d00000| PB 0x00000000b7d00000| Untracked |  0
| 894|0x00000000b7e00000, 0x00000000b7e00000, 0x00000000b7f00000|  0%| F|  |TAMS 0x00000000b7e00000| PB 0x00000000b7e00000| Untracked |  0
| 895|0x00000000b7f00000, 0x00000000b7f00000, 0x00000000b8000000|  0%| F|  |TAMS 0x00000000b7f00000| PB 0x00000000b7f00000| Untracked |  0
| 896|0x00000000b8000000, 0x00000000b8000000, 0x00000000b8100000|  0%| F|  |TAMS 0x00000000b8000000| PB 0x00000000b8000000| Untracked |  0
| 897|0x00000000b8100000, 0x00000000b8100000, 0x00000000b8200000|  0%| F|  |TAMS 0x00000000b8100000| PB 0x00000000b8100000| Untracked |  0
| 898|0x00000000b8200000, 0x00000000b8200000, 0x00000000b8300000|  0%| F|  |TAMS 0x00000000b8200000| PB 0x00000000b8200000| Untracked |  0
| 899|0x00000000b8300000, 0x00000000b8300000, 0x00000000b8400000|  0%| F|  |TAMS 0x00000000b8300000| PB 0x00000000b8300000| Untracked |  0
| 900|0x00000000b8400000, 0x00000000b8400000, 0x00000000b8500000|  0%| F|  |TAMS 0x00000000b8400000| PB 0x00000000b8400000| Untracked |  0
| 901|0x00000000b8500000, 0x00000000b8500000, 0x00000000b8600000|  0%| F|  |TAMS 0x00000000b8500000| PB 0x00000000b8500000| Untracked |  0
| 902|0x00000000b8600000, 0x00000000b8600000, 0x00000000b8700000|  0%| F|  |TAMS 0x00000000b8600000| PB 0x00000000b8600000| Untracked |  0
| 903|0x00000000b8700000, 0x00000000b8700000, 0x00000000b8800000|  0%| F|  |TAMS 0x00000000b8700000| PB 0x00000000b8700000| Untracked |  0
| 904|0x00000000b8800000, 0x00000000b8800000, 0x00000000b8900000|  0%| F|  |TAMS 0x00000000b8800000| PB 0x00000000b8800000| Untracked |  0
| 905|0x00000000b8900000, 0x00000000b8900000, 0x00000000b8a00000|  0%| F|  |TAMS 0x00000000b8900000| PB 0x00000000b8900000| Untracked |  0
| 906|0x00000000b8a00000, 0x00000000b8a00000, 0x00000000b8b00000|  0%| F|  |TAMS 0x00000000b8a00000| PB 0x00000000b8a00000| Untracked |  0
| 907|0x00000000b8b00000, 0x00000000b8b00000, 0x00000000b8c00000|  0%| F|  |TAMS 0x00000000b8b00000| PB 0x00000000b8b00000| Untracked |  0
| 908|0x00000000b8c00000, 0x00000000b8c00000, 0x00000000b8d00000|  0%| F|  |TAMS 0x00000000b8c00000| PB 0x00000000b8c00000| Untracked |  0
| 909|0x00000000b8d00000, 0x00000000b8d00000, 0x00000000b8e00000|  0%| F|  |TAMS 0x00000000b8d00000| PB 0x00000000b8d00000| Untracked |  0
| 910|0x00000000b8e00000, 0x00000000b8e00000, 0x00000000b8f00000|  0%| F|  |TAMS 0x00000000b8e00000| PB 0x00000000b8e00000| Untracked |  0
| 911|0x00000000b8f00000, 0x00000000b8f00000, 0x00000000b9000000|  0%| F|  |TAMS 0x00000000b8f00000| PB 0x00000000b8f00000| Untracked |  0
| 912|0x00000000b9000000, 0x00000000b9000000, 0x00000000b9100000|  0%| F|  |TAMS 0x00000000b9000000| PB 0x00000000b9000000| Untracked |  0
| 913|0x00000000b9100000, 0x00000000b9100000, 0x00000000b9200000|  0%| F|  |TAMS 0x00000000b9100000| PB 0x00000000b9100000| Untracked |  0
| 914|0x00000000b9200000, 0x00000000b9200000, 0x00000000b9300000|  0%| F|  |TAMS 0x00000000b9200000| PB 0x00000000b9200000| Untracked |  0
| 915|0x00000000b9300000, 0x00000000b9300000, 0x00000000b9400000|  0%| F|  |TAMS 0x00000000b9300000| PB 0x00000000b9300000| Untracked |  0
| 916|0x00000000b9400000, 0x00000000b9400000, 0x00000000b9500000|  0%| F|  |TAMS 0x00000000b9400000| PB 0x00000000b9400000| Untracked |  0
| 917|0x00000000b9500000, 0x00000000b9500000, 0x00000000b9600000|  0%| F|  |TAMS 0x00000000b9500000| PB 0x00000000b9500000| Untracked |  0
| 918|0x00000000b9600000, 0x00000000b9600000, 0x00000000b9700000|  0%| F|  |TAMS 0x00000000b9600000| PB 0x00000000b9600000| Untracked |  0
| 919|0x00000000b9700000, 0x00000000b9700000, 0x00000000b9800000|  0%| F|  |TAMS 0x00000000b9700000| PB 0x00000000b9700000| Untracked |  0
| 920|0x00000000b9800000, 0x00000000b9800000, 0x00000000b9900000|  0%| F|  |TAMS 0x00000000b9800000| PB 0x00000000b9800000| Untracked |  0
| 921|0x00000000b9900000, 0x00000000b9900000, 0x00000000b9a00000|  0%| F|  |TAMS 0x00000000b9900000| PB 0x00000000b9900000| Untracked |  0
| 922|0x00000000b9a00000, 0x00000000b9a00000, 0x00000000b9b00000|  0%| F|  |TAMS 0x00000000b9a00000| PB 0x00000000b9a00000| Untracked |  0
| 923|0x00000000b9b00000, 0x00000000b9b00000, 0x00000000b9c00000|  0%| F|  |TAMS 0x00000000b9b00000| PB 0x00000000b9b00000| Untracked |  0
| 924|0x00000000b9c00000, 0x00000000b9c00000, 0x00000000b9d00000|  0%| F|  |TAMS 0x00000000b9c00000| PB 0x00000000b9c00000| Untracked |  0
| 925|0x00000000b9d00000, 0x00000000b9d00000, 0x00000000b9e00000|  0%| F|  |TAMS 0x00000000b9d00000| PB 0x00000000b9d00000| Untracked |  0
| 926|0x00000000b9e00000, 0x00000000b9e00000, 0x00000000b9f00000|  0%| F|  |TAMS 0x00000000b9e00000| PB 0x00000000b9e00000| Untracked |  0
| 927|0x00000000b9f00000, 0x00000000b9f00000, 0x00000000ba000000|  0%| F|  |TAMS 0x00000000b9f00000| PB 0x00000000b9f00000| Untracked |  0
| 928|0x00000000ba000000, 0x00000000ba000000, 0x00000000ba100000|  0%| F|  |TAMS 0x00000000ba000000| PB 0x00000000ba000000| Untracked |  0
| 929|0x00000000ba100000, 0x00000000ba14a460, 0x00000000ba200000| 29%| E|  |TAMS 0x00000000ba100000| PB 0x00000000ba100000| Complete |  0
| 930|0x00000000ba200000, 0x00000000ba300000, 0x00000000ba300000|100%| E|CS|TAMS 0x00000000ba200000| PB 0x00000000ba200000| Complete |  0
| 931|0x00000000ba300000, 0x00000000ba400000, 0x00000000ba400000|100%| E|CS|TAMS 0x00000000ba300000| PB 0x00000000ba300000| Complete |  0
| 932|0x00000000ba400000, 0x00000000ba500000, 0x00000000ba500000|100%| E|CS|TAMS 0x00000000ba400000| PB 0x00000000ba400000| Complete |  0
| 933|0x00000000ba500000, 0x00000000ba600000, 0x00000000ba600000|100%| E|CS|TAMS 0x00000000ba500000| PB 0x00000000ba500000| Complete |  0
| 934|0x00000000ba600000, 0x00000000ba700000, 0x00000000ba700000|100%| E|CS|TAMS 0x00000000ba600000| PB 0x00000000ba600000| Complete |  0
| 935|0x00000000ba700000, 0x00000000ba800000, 0x00000000ba800000|100%| E|CS|TAMS 0x00000000ba700000| PB 0x00000000ba700000| Complete |  0
| 936|0x00000000ba800000, 0x00000000ba900000, 0x00000000ba900000|100%| E|CS|TAMS 0x00000000ba800000| PB 0x00000000ba800000| Complete |  0
| 937|0x00000000ba900000, 0x00000000baa00000, 0x00000000baa00000|100%| E|CS|TAMS 0x00000000ba900000| PB 0x00000000ba900000| Complete |  0
| 938|0x00000000baa00000, 0x00000000bab00000, 0x00000000bab00000|100%| E|CS|TAMS 0x00000000baa00000| PB 0x00000000baa00000| Complete |  0
| 939|0x00000000bab00000, 0x00000000bac00000, 0x00000000bac00000|100%| E|CS|TAMS 0x00000000bab00000| PB 0x00000000bab00000| Complete |  0
| 940|0x00000000bac00000, 0x00000000bad00000, 0x00000000bad00000|100%| E|CS|TAMS 0x00000000bac00000| PB 0x00000000bac00000| Complete |  0
| 941|0x00000000bad00000, 0x00000000bae00000, 0x00000000bae00000|100%| E|CS|TAMS 0x00000000bad00000| PB 0x00000000bad00000| Complete |  0
| 942|0x00000000bae00000, 0x00000000baf00000, 0x00000000baf00000|100%| E|CS|TAMS 0x00000000bae00000| PB 0x00000000bae00000| Complete |  0
| 943|0x00000000baf00000, 0x00000000bb000000, 0x00000000bb000000|100%| E|CS|TAMS 0x00000000baf00000| PB 0x00000000baf00000| Complete |  0
| 944|0x00000000bb000000, 0x00000000bb100000, 0x00000000bb100000|100%| E|CS|TAMS 0x00000000bb000000| PB 0x00000000bb000000| Complete |  0
| 945|0x00000000bb100000, 0x00000000bb200000, 0x00000000bb200000|100%| E|CS|TAMS 0x00000000bb100000| PB 0x00000000bb100000| Complete |  0
| 946|0x00000000bb200000, 0x00000000bb300000, 0x00000000bb300000|100%| E|CS|TAMS 0x00000000bb200000| PB 0x00000000bb200000| Complete |  0
| 947|0x00000000bb300000, 0x00000000bb400000, 0x00000000bb400000|100%| E|CS|TAMS 0x00000000bb300000| PB 0x00000000bb300000| Complete |  0
| 948|0x00000000bb400000, 0x00000000bb500000, 0x00000000bb500000|100%| E|CS|TAMS 0x00000000bb400000| PB 0x00000000bb400000| Complete |  0
| 949|0x00000000bb500000, 0x00000000bb600000, 0x00000000bb600000|100%| E|CS|TAMS 0x00000000bb500000| PB 0x00000000bb500000| Complete |  0
| 950|0x00000000bb600000, 0x00000000bb700000, 0x00000000bb700000|100%| E|CS|TAMS 0x00000000bb600000| PB 0x00000000bb600000| Complete |  0
| 951|0x00000000bb700000, 0x00000000bb800000, 0x00000000bb800000|100%| E|CS|TAMS 0x00000000bb700000| PB 0x00000000bb700000| Complete |  0
| 952|0x00000000bb800000, 0x00000000bb900000, 0x00000000bb900000|100%| E|CS|TAMS 0x00000000bb800000| PB 0x00000000bb800000| Complete |  0
| 953|0x00000000bb900000, 0x00000000bba00000, 0x00000000bba00000|100%| E|CS|TAMS 0x00000000bb900000| PB 0x00000000bb900000| Complete |  0
| 954|0x00000000bba00000, 0x00000000bbb00000, 0x00000000bbb00000|100%| E|CS|TAMS 0x00000000bba00000| PB 0x00000000bba00000| Complete |  0
| 955|0x00000000bbb00000, 0x00000000bbc00000, 0x00000000bbc00000|100%| E|CS|TAMS 0x00000000bbb00000| PB 0x00000000bbb00000| Complete |  0
| 956|0x00000000bbc00000, 0x00000000bbd00000, 0x00000000bbd00000|100%| E|CS|TAMS 0x00000000bbc00000| PB 0x00000000bbc00000| Complete |  0
| 957|0x00000000bbd00000, 0x00000000bbe00000, 0x00000000bbe00000|100%| E|CS|TAMS 0x00000000bbd00000| PB 0x00000000bbd00000| Complete |  0
| 958|0x00000000bbe00000, 0x00000000bbf00000, 0x00000000bbf00000|100%| E|CS|TAMS 0x00000000bbe00000| PB 0x00000000bbe00000| Complete |  0
| 959|0x00000000bbf00000, 0x00000000bc000000, 0x00000000bc000000|100%| E|CS|TAMS 0x00000000bbf00000| PB 0x00000000bbf00000| Complete |  0
| 960|0x00000000bc000000, 0x00000000bc100000, 0x00000000bc100000|100%| E|CS|TAMS 0x00000000bc000000| PB 0x00000000bc000000| Complete |  0
| 961|0x00000000bc100000, 0x00000000bc200000, 0x00000000bc200000|100%| E|CS|TAMS 0x00000000bc100000| PB 0x00000000bc100000| Complete |  0
| 962|0x00000000bc200000, 0x00000000bc300000, 0x00000000bc300000|100%| E|CS|TAMS 0x00000000bc200000| PB 0x00000000bc200000| Complete |  0
| 963|0x00000000bc300000, 0x00000000bc400000, 0x00000000bc400000|100%| E|CS|TAMS 0x00000000bc300000| PB 0x00000000bc300000| Complete |  0
| 964|0x00000000bc400000, 0x00000000bc500000, 0x00000000bc500000|100%| E|CS|TAMS 0x00000000bc400000| PB 0x00000000bc400000| Complete |  0
| 965|0x00000000bc500000, 0x00000000bc600000, 0x00000000bc600000|100%| E|CS|TAMS 0x00000000bc500000| PB 0x00000000bc500000| Complete |  0
| 966|0x00000000bc600000, 0x00000000bc700000, 0x00000000bc700000|100%| E|CS|TAMS 0x00000000bc600000| PB 0x00000000bc600000| Complete |  0
| 967|0x00000000bc700000, 0x00000000bc800000, 0x00000000bc800000|100%| E|CS|TAMS 0x00000000bc700000| PB 0x00000000bc700000| Complete |  0
| 968|0x00000000bc800000, 0x00000000bc900000, 0x00000000bc900000|100%| E|CS|TAMS 0x00000000bc800000| PB 0x00000000bc800000| Complete |  0
| 969|0x00000000bc900000, 0x00000000bca00000, 0x00000000bca00000|100%| E|CS|TAMS 0x00000000bc900000| PB 0x00000000bc900000| Complete |  0
| 970|0x00000000bca00000, 0x00000000bcb00000, 0x00000000bcb00000|100%| E|CS|TAMS 0x00000000bca00000| PB 0x00000000bca00000| Complete |  0
| 971|0x00000000bcb00000, 0x00000000bcc00000, 0x00000000bcc00000|100%| E|CS|TAMS 0x00000000bcb00000| PB 0x00000000bcb00000| Complete |  0
| 972|0x00000000bcc00000, 0x00000000bcd00000, 0x00000000bcd00000|100%| E|CS|TAMS 0x00000000bcc00000| PB 0x00000000bcc00000| Complete |  0
| 973|0x00000000bcd00000, 0x00000000bce00000, 0x00000000bce00000|100%| E|CS|TAMS 0x00000000bcd00000| PB 0x00000000bcd00000| Complete |  0
| 974|0x00000000bce00000, 0x00000000bcf00000, 0x00000000bcf00000|100%| E|CS|TAMS 0x00000000bce00000| PB 0x00000000bce00000| Complete |  0
| 975|0x00000000bcf00000, 0x00000000bd000000, 0x00000000bd000000|100%| E|CS|TAMS 0x00000000bcf00000| PB 0x00000000bcf00000| Complete |  0
| 976|0x00000000bd000000, 0x00000000bd100000, 0x00000000bd100000|100%| E|CS|TAMS 0x00000000bd000000| PB 0x00000000bd000000| Complete |  0
| 977|0x00000000bd100000, 0x00000000bd200000, 0x00000000bd200000|100%| E|CS|TAMS 0x00000000bd100000| PB 0x00000000bd100000| Complete |  0
| 978|0x00000000bd200000, 0x00000000bd300000, 0x00000000bd300000|100%| E|CS|TAMS 0x00000000bd200000| PB 0x00000000bd200000| Complete |  0
| 979|0x00000000bd300000, 0x00000000bd400000, 0x00000000bd400000|100%| E|CS|TAMS 0x00000000bd300000| PB 0x00000000bd300000| Complete |  0
| 980|0x00000000bd400000, 0x00000000bd500000, 0x00000000bd500000|100%| E|CS|TAMS 0x00000000bd400000| PB 0x00000000bd400000| Complete |  0
| 981|0x00000000bd500000, 0x00000000bd600000, 0x00000000bd600000|100%| E|CS|TAMS 0x00000000bd500000| PB 0x00000000bd500000| Complete |  0
| 982|0x00000000bd600000, 0x00000000bd700000, 0x00000000bd700000|100%| E|CS|TAMS 0x00000000bd600000| PB 0x00000000bd600000| Complete |  0
| 983|0x00000000bd700000, 0x00000000bd800000, 0x00000000bd800000|100%| E|CS|TAMS 0x00000000bd700000| PB 0x00000000bd700000| Complete |  0
| 984|0x00000000bd800000, 0x00000000bd900000, 0x00000000bd900000|100%| E|CS|TAMS 0x00000000bd800000| PB 0x00000000bd800000| Complete |  0
| 985|0x00000000bd900000, 0x00000000bda00000, 0x00000000bda00000|100%| E|CS|TAMS 0x00000000bd900000| PB 0x00000000bd900000| Complete |  0
| 986|0x00000000bda00000, 0x00000000bdb00000, 0x00000000bdb00000|100%| E|CS|TAMS 0x00000000bda00000| PB 0x00000000bda00000| Complete |  0
| 987|0x00000000bdb00000, 0x00000000bdc00000, 0x00000000bdc00000|100%| E|CS|TAMS 0x00000000bdb00000| PB 0x00000000bdb00000| Complete |  0
| 988|0x00000000bdc00000, 0x00000000bdd00000, 0x00000000bdd00000|100%| E|CS|TAMS 0x00000000bdc00000| PB 0x00000000bdc00000| Complete |  0
| 989|0x00000000bdd00000, 0x00000000bde00000, 0x00000000bde00000|100%| E|CS|TAMS 0x00000000bdd00000| PB 0x00000000bdd00000| Complete |  0
| 990|0x00000000bde00000, 0x00000000bdf00000, 0x00000000bdf00000|100%| E|CS|TAMS 0x00000000bde00000| PB 0x00000000bde00000| Complete |  0
| 991|0x00000000bdf00000, 0x00000000be000000, 0x00000000be000000|100%| E|CS|TAMS 0x00000000bdf00000| PB 0x00000000bdf00000| Complete |  0
| 992|0x00000000be000000, 0x00000000be100000, 0x00000000be100000|100%| E|CS|TAMS 0x00000000be000000| PB 0x00000000be000000| Complete |  0
| 993|0x00000000be100000, 0x00000000be200000, 0x00000000be200000|100%| E|CS|TAMS 0x00000000be100000| PB 0x00000000be100000| Complete |  0
| 994|0x00000000be200000, 0x00000000be300000, 0x00000000be300000|100%| E|CS|TAMS 0x00000000be200000| PB 0x00000000be200000| Complete |  0
| 995|0x00000000be300000, 0x00000000be400000, 0x00000000be400000|100%| E|CS|TAMS 0x00000000be300000| PB 0x00000000be300000| Complete |  0
| 996|0x00000000be400000, 0x00000000be500000, 0x00000000be500000|100%| E|CS|TAMS 0x00000000be400000| PB 0x00000000be400000| Complete |  0
| 997|0x00000000be500000, 0x00000000be600000, 0x00000000be600000|100%| E|CS|TAMS 0x00000000be500000| PB 0x00000000be500000| Complete |  0
| 998|0x00000000be600000, 0x00000000be700000, 0x00000000be700000|100%| E|CS|TAMS 0x00000000be600000| PB 0x00000000be600000| Complete |  0
| 999|0x00000000be700000, 0x00000000be800000, 0x00000000be800000|100%| E|CS|TAMS 0x00000000be700000| PB 0x00000000be700000| Complete |  0
|1000|0x00000000be800000, 0x00000000be900000, 0x00000000be900000|100%| E|CS|TAMS 0x00000000be800000| PB 0x00000000be800000| Complete |  0
|1001|0x00000000be900000, 0x00000000bea00000, 0x00000000bea00000|100%| E|CS|TAMS 0x00000000be900000| PB 0x00000000be900000| Complete |  0
|1002|0x00000000bea00000, 0x00000000beb00000, 0x00000000beb00000|100%| E|CS|TAMS 0x00000000bea00000| PB 0x00000000bea00000| Complete |  0
|1003|0x00000000beb00000, 0x00000000bec00000, 0x00000000bec00000|100%| E|CS|TAMS 0x00000000beb00000| PB 0x00000000beb00000| Complete |  0
|1004|0x00000000bec00000, 0x00000000bed00000, 0x00000000bed00000|100%| E|CS|TAMS 0x00000000bec00000| PB 0x00000000bec00000| Complete |  0
|1005|0x00000000bed00000, 0x00000000bee00000, 0x00000000bee00000|100%| E|CS|TAMS 0x00000000bed00000| PB 0x00000000bed00000| Complete |  0
|1006|0x00000000bee00000, 0x00000000bef00000, 0x00000000bef00000|100%| E|CS|TAMS 0x00000000bee00000| PB 0x00000000bee00000| Complete |  0
|1007|0x00000000bef00000, 0x00000000bf000000, 0x00000000bf000000|100%| E|CS|TAMS 0x00000000bef00000| PB 0x00000000bef00000| Complete |  0
|1008|0x00000000bf000000, 0x00000000bf100000, 0x00000000bf100000|100%| E|CS|TAMS 0x00000000bf000000| PB 0x00000000bf000000| Complete |  0
|1009|0x00000000bf100000, 0x00000000bf200000, 0x00000000bf200000|100%| E|CS|TAMS 0x00000000bf100000| PB 0x00000000bf100000| Complete |  0
|1010|0x00000000bf200000, 0x00000000bf300000, 0x00000000bf300000|100%| E|CS|TAMS 0x00000000bf200000| PB 0x00000000bf200000| Complete |  0
|1011|0x00000000bf300000, 0x00000000bf400000, 0x00000000bf400000|100%| E|CS|TAMS 0x00000000bf300000| PB 0x00000000bf300000| Complete |  0
|1012|0x00000000bf400000, 0x00000000bf500000, 0x00000000bf500000|100%| E|CS|TAMS 0x00000000bf400000| PB 0x00000000bf400000| Complete |  0
|1013|0x00000000bf500000, 0x00000000bf600000, 0x00000000bf600000|100%| E|CS|TAMS 0x00000000bf500000| PB 0x00000000bf500000| Complete |  0
|1014|0x00000000bf600000, 0x00000000bf700000, 0x00000000bf700000|100%| E|CS|TAMS 0x00000000bf600000| PB 0x00000000bf600000| Complete |  0
|1015|0x00000000bf700000, 0x00000000bf800000, 0x00000000bf800000|100%| E|CS|TAMS 0x00000000bf700000| PB 0x00000000bf700000| Complete |  0
|1016|0x00000000bf800000, 0x00000000bf900000, 0x00000000bf900000|100%| E|CS|TAMS 0x00000000bf800000| PB 0x00000000bf800000| Complete |  0
|1017|0x00000000bf900000, 0x00000000bfa00000, 0x00000000bfa00000|100%| E|CS|TAMS 0x00000000bf900000| PB 0x00000000bf900000| Complete |  0
|1018|0x00000000bfa00000, 0x00000000bfb00000, 0x00000000bfb00000|100%| E|CS|TAMS 0x00000000bfa00000| PB 0x00000000bfa00000| Complete |  0
|1019|0x00000000bfb00000, 0x00000000bfc00000, 0x00000000bfc00000|100%| E|CS|TAMS 0x00000000bfb00000| PB 0x00000000bfb00000| Complete |  0
|1020|0x00000000bfc00000, 0x00000000bfd00000, 0x00000000bfd00000|100%| E|CS|TAMS 0x00000000bfc00000| PB 0x00000000bfc00000| Complete |  0
|1021|0x00000000bfd00000, 0x00000000bfe00000, 0x00000000bfe00000|100%| E|CS|TAMS 0x00000000bfd00000| PB 0x00000000bfd00000| Complete |  0
|1022|0x00000000bfe00000, 0x00000000bff00000, 0x00000000bff00000|100%| E|CS|TAMS 0x00000000bfe00000| PB 0x00000000bfe00000| Complete |  0
|1023|0x00000000bff00000, 0x00000000c0000000, 0x00000000c0000000|100%| E|CS|TAMS 0x00000000bff00000| PB 0x00000000bff00000| Complete |  0
|1024|0x00000000c0000000, 0x00000000c0100000, 0x00000000c0100000|100%| E|CS|TAMS 0x00000000c0000000| PB 0x00000000c0000000| Complete |  0
|1025|0x00000000c0100000, 0x00000000c0200000, 0x00000000c0200000|100%| E|CS|TAMS 0x00000000c0100000| PB 0x00000000c0100000| Complete |  0
|1026|0x00000000c0200000, 0x00000000c0300000, 0x00000000c0300000|100%| E|CS|TAMS 0x00000000c0200000| PB 0x00000000c0200000| Complete |  0
|1027|0x00000000c0300000, 0x00000000c0400000, 0x00000000c0400000|100%| E|CS|TAMS 0x00000000c0300000| PB 0x00000000c0300000| Complete |  0
|1028|0x00000000c0400000, 0x00000000c0500000, 0x00000000c0500000|100%| E|CS|TAMS 0x00000000c0400000| PB 0x00000000c0400000| Complete |  0
|1029|0x00000000c0500000, 0x00000000c0600000, 0x00000000c0600000|100%| E|CS|TAMS 0x00000000c0500000| PB 0x00000000c0500000| Complete |  0
|1030|0x00000000c0600000, 0x00000000c0700000, 0x00000000c0700000|100%| E|CS|TAMS 0x00000000c0600000| PB 0x00000000c0600000| Complete |  0
|1031|0x00000000c0700000, 0x00000000c0800000, 0x00000000c0800000|100%| E|CS|TAMS 0x00000000c0700000| PB 0x00000000c0700000| Complete |  0
|1032|0x00000000c0800000, 0x00000000c0900000, 0x00000000c0900000|100%| E|CS|TAMS 0x00000000c0800000| PB 0x00000000c0800000| Complete |  0
|1033|0x00000000c0900000, 0x00000000c0a00000, 0x00000000c0a00000|100%| E|CS|TAMS 0x00000000c0900000| PB 0x00000000c0900000| Complete |  0
|1034|0x00000000c0a00000, 0x00000000c0b00000, 0x00000000c0b00000|100%| E|CS|TAMS 0x00000000c0a00000| PB 0x00000000c0a00000| Complete |  0
|1035|0x00000000c0b00000, 0x00000000c0c00000, 0x00000000c0c00000|100%| E|CS|TAMS 0x00000000c0b00000| PB 0x00000000c0b00000| Complete |  0
|1036|0x00000000c0c00000, 0x00000000c0d00000, 0x00000000c0d00000|100%| E|CS|TAMS 0x00000000c0c00000| PB 0x00000000c0c00000| Complete |  0
|1037|0x00000000c0d00000, 0x00000000c0e00000, 0x00000000c0e00000|100%| E|  |TAMS 0x00000000c0d00000| PB 0x00000000c0d00000| Complete |  0
|1038|0x00000000c0e00000, 0x00000000c0f00000, 0x00000000c0f00000|100%| E|CS|TAMS 0x00000000c0e00000| PB 0x00000000c0e00000| Complete |  0
|1039|0x00000000c0f00000, 0x00000000c1000000, 0x00000000c1000000|100%| E|CS|TAMS 0x00000000c0f00000| PB 0x00000000c0f00000| Complete |  0
|1040|0x00000000c1000000, 0x00000000c1100000, 0x00000000c1100000|100%| E|CS|TAMS 0x00000000c1000000| PB 0x00000000c1000000| Complete |  0
|1041|0x00000000c1100000, 0x00000000c1200000, 0x00000000c1200000|100%| E|CS|TAMS 0x00000000c1100000| PB 0x00000000c1100000| Complete |  0
|1042|0x00000000c1200000, 0x00000000c1300000, 0x00000000c1300000|100%| E|CS|TAMS 0x00000000c1200000| PB 0x00000000c1200000| Complete |  0
|1043|0x00000000c1300000, 0x00000000c1400000, 0x00000000c1400000|100%| E|CS|TAMS 0x00000000c1300000| PB 0x00000000c1300000| Complete |  0
|1044|0x00000000c1400000, 0x00000000c1500000, 0x00000000c1500000|100%| E|CS|TAMS 0x00000000c1400000| PB 0x00000000c1400000| Complete |  0
|1045|0x00000000c1500000, 0x00000000c1600000, 0x00000000c1600000|100%| E|CS|TAMS 0x00000000c1500000| PB 0x00000000c1500000| Complete |  0
|1046|0x00000000c1600000, 0x00000000c1700000, 0x00000000c1700000|100%| E|CS|TAMS 0x00000000c1600000| PB 0x00000000c1600000| Complete |  0
|1047|0x00000000c1700000, 0x00000000c1800000, 0x00000000c1800000|100%| E|CS|TAMS 0x00000000c1700000| PB 0x00000000c1700000| Complete |  0
|1048|0x00000000c1800000, 0x00000000c1900000, 0x00000000c1900000|100%| E|CS|TAMS 0x00000000c1800000| PB 0x00000000c1800000| Complete |  0
|1049|0x00000000c1900000, 0x00000000c1a00000, 0x00000000c1a00000|100%| S|CS|TAMS 0x00000000c1900000| PB 0x00000000c1900000| Complete |  0
|1050|0x00000000c1a00000, 0x00000000c1b00000, 0x00000000c1b00000|100%| S|CS|TAMS 0x00000000c1a00000| PB 0x00000000c1a00000| Complete |  0
|1051|0x00000000c1b00000, 0x00000000c1c00000, 0x00000000c1c00000|100%| S|CS|TAMS 0x00000000c1b00000| PB 0x00000000c1b00000| Complete |  0
|1052|0x00000000c1c00000, 0x00000000c1d00000, 0x00000000c1d00000|100%| S|CS|TAMS 0x00000000c1c00000| PB 0x00000000c1c00000| Complete |  0
|1053|0x00000000c1d00000, 0x00000000c1e00000, 0x00000000c1e00000|100%| S|CS|TAMS 0x00000000c1d00000| PB 0x00000000c1d00000| Complete |  0
|1054|0x00000000c1e00000, 0x00000000c1f00000, 0x00000000c1f00000|100%| S|CS|TAMS 0x00000000c1e00000| PB 0x00000000c1e00000| Complete |  0
|1055|0x00000000c1f00000, 0x00000000c2000000, 0x00000000c2000000|100%| S|CS|TAMS 0x00000000c1f00000| PB 0x00000000c1f00000| Complete |  0
|1056|0x00000000c2000000, 0x00000000c20f8740, 0x00000000c2100000| 97%| S|CS|TAMS 0x00000000c2000000| PB 0x00000000c2000000| Complete |  0
|2008|0x00000000fd800000, 0x00000000fd900000, 0x00000000fd900000|100%| O|  |TAMS 0x00000000fd800000| PB 0x00000000fd800000| Untracked |  0
|2009|0x00000000fd900000, 0x00000000fda00000, 0x00000000fda00000|100%| O|  |TAMS 0x00000000fd900000| PB 0x00000000fd900000| Untracked |  0
|2010|0x00000000fda00000, 0x00000000fdb00000, 0x00000000fdb00000|100%| O|  |TAMS 0x00000000fda00000| PB 0x00000000fda00000| Untracked |  0
|2011|0x00000000fdb00000, 0x00000000fdc00000, 0x00000000fdc00000|100%| O|  |TAMS 0x00000000fdb00000| PB 0x00000000fdb00000| Untracked |  0
|2012|0x00000000fdc00000, 0x00000000fdd00000, 0x00000000fdd00000|100%| O|  |TAMS 0x00000000fdc00000| PB 0x00000000fdc00000| Untracked |  0
|2013|0x00000000fdd00000, 0x00000000fde00000, 0x00000000fde00000|100%| O|  |TAMS 0x00000000fdd00000| PB 0x00000000fdd00000| Untracked |  0
|2014|0x00000000fde00000, 0x00000000fdf00000, 0x00000000fdf00000|100%| O|  |TAMS 0x00000000fde00000| PB 0x00000000fde00000| Untracked |  0
|2015|0x00000000fdf00000, 0x00000000fe000000, 0x00000000fe000000|100%| O|  |TAMS 0x00000000fdf00000| PB 0x00000000fdf00000| Untracked |  0
|2016|0x00000000fe000000, 0x00000000fe100000, 0x00000000fe100000|100%| O|  |TAMS 0x00000000fe000000| PB 0x00000000fe000000| Untracked |  0
|2017|0x00000000fe100000, 0x00000000fe200000, 0x00000000fe200000|100%| O|  |TAMS 0x00000000fe100000| PB 0x00000000fe100000| Untracked |  0
|2018|0x00000000fe200000, 0x00000000fe300000, 0x00000000fe300000|100%| O|  |TAMS 0x00000000fe200000| PB 0x00000000fe200000| Untracked |  0
|2019|0x00000000fe300000, 0x00000000fe400000, 0x00000000fe400000|100%| O|  |TAMS 0x00000000fe300000| PB 0x00000000fe300000| Untracked |  0
|2020|0x00000000fe400000, 0x00000000fe500000, 0x00000000fe500000|100%| O|  |TAMS 0x00000000fe400000| PB 0x00000000fe400000| Untracked |  0
|2021|0x00000000fe500000, 0x00000000fe600000, 0x00000000fe600000|100%| O|  |TAMS 0x00000000fe500000| PB 0x00000000fe500000| Untracked |  0
|2022|0x00000000fe600000, 0x00000000fe700000, 0x00000000fe700000|100%| O|  |TAMS 0x00000000fe600000| PB 0x00000000fe600000| Untracked |  0
|2023|0x00000000fe700000, 0x00000000fe800000, 0x00000000fe800000|100%| O|  |TAMS 0x00000000fe700000| PB 0x00000000fe700000| Untracked |  0
|2024|0x00000000fe800000, 0x00000000fe900000, 0x00000000fe900000|100%| O|  |TAMS 0x00000000fe800000| PB 0x00000000fe800000| Untracked |  0
|2025|0x00000000fe900000, 0x00000000fea00000, 0x00000000fea00000|100%| O|  |TAMS 0x00000000fe900000| PB 0x00000000fe900000| Untracked |  0
|2026|0x00000000fea00000, 0x00000000feb00000, 0x00000000feb00000|100%| O|  |TAMS 0x00000000fea00000| PB 0x00000000fea00000| Untracked |  0
|2027|0x00000000feb00000, 0x00000000fec00000, 0x00000000fec00000|100%| O|  |TAMS 0x00000000feb00000| PB 0x00000000feb00000| Untracked |  0
|2028|0x00000000fec00000, 0x00000000fed00000, 0x00000000fed00000|100%| O|  |TAMS 0x00000000fec00000| PB 0x00000000fec00000| Untracked |  0
|2029|0x00000000fed00000, 0x00000000fee00000, 0x00000000fee00000|100%| O|  |TAMS 0x00000000fed00000| PB 0x00000000fed00000| Untracked |  0
|2030|0x00000000fee00000, 0x00000000fef00000, 0x00000000fef00000|100%| O|  |TAMS 0x00000000fee00000| PB 0x00000000fee00000| Untracked |  0
|2031|0x00000000fef00000, 0x00000000ff000000, 0x00000000ff000000|100%| O|  |TAMS 0x00000000fef00000| PB 0x00000000fef00000| Untracked |  0
|2032|0x00000000ff000000, 0x00000000ff100000, 0x00000000ff100000|100%| E|CS|TAMS 0x00000000ff000000| PB 0x00000000ff000000| Complete |  0
|2033|0x00000000ff100000, 0x00000000ff200000, 0x00000000ff200000|100%| E|CS|TAMS 0x00000000ff100000| PB 0x00000000ff100000| Complete |  0
|2034|0x00000000ff200000, 0x00000000ff300000, 0x00000000ff300000|100%| O|  |TAMS 0x00000000ff200000| PB 0x00000000ff200000| Untracked |  0
|2035|0x00000000ff300000, 0x00000000ff400000, 0x00000000ff400000|100%| E|CS|TAMS 0x00000000ff300000| PB 0x00000000ff300000| Complete |  0
|2036|0x00000000ff400000, 0x00000000ff500000, 0x00000000ff500000|100%| E|CS|TAMS 0x00000000ff400000| PB 0x00000000ff400000| Complete |  0
|2037|0x00000000ff500000, 0x00000000ff600000, 0x00000000ff600000|100%| E|CS|TAMS 0x00000000ff500000| PB 0x00000000ff500000| Complete |  0
|2038|0x00000000ff600000, 0x00000000ff700000, 0x00000000ff700000|100%| E|CS|TAMS 0x00000000ff600000| PB 0x00000000ff600000| Complete |  0
|2039|0x00000000ff700000, 0x00000000ff800000, 0x00000000ff800000|100%| E|CS|TAMS 0x00000000ff700000| PB 0x00000000ff700000| Complete |  0
|2040|0x00000000ff800000, 0x00000000ff900000, 0x00000000ff900000|100%| E|CS|TAMS 0x00000000ff800000| PB 0x00000000ff800000| Complete |  0
|2041|0x00000000ff900000, 0x00000000ffa00000, 0x00000000ffa00000|100%| E|CS|TAMS 0x00000000ff900000| PB 0x00000000ff900000| Complete |  0
|2042|0x00000000ffa00000, 0x00000000ffb00000, 0x00000000ffb00000|100%| E|CS|TAMS 0x00000000ffa00000| PB 0x00000000ffa00000| Complete |  0
|2043|0x00000000ffb00000, 0x00000000ffc00000, 0x00000000ffc00000|100%| E|CS|TAMS 0x00000000ffb00000| PB 0x00000000ffb00000| Complete |  0
|2044|0x00000000ffc00000, 0x00000000ffd00000, 0x00000000ffd00000|100%| E|CS|TAMS 0x00000000ffc00000| PB 0x00000000ffc00000| Complete |  0
|2045|0x00000000ffd00000, 0x00000000ffe00000, 0x00000000ffe00000|100%| E|CS|TAMS 0x00000000ffd00000| PB 0x00000000ffd00000| Complete |  0
|2046|0x00000000ffe00000, 0x00000000fff00000, 0x00000000fff00000|100%| O|  |TAMS 0x00000000ffe00000| PB 0x00000000ffe00000| Untracked |  0
|2047|0x00000000fff00000, 0x0000000100000000, 0x0000000100000000|100%| E|CS|TAMS 0x00000000fff00000| PB 0x00000000fff00000| Complete |  0

Card table byte_map: [0x00007f687be00000,0x00007f687c200000] _byte_map_base: 0x00007f687ba00000

Marking Bits: (CMBitMap*) 0x00007f689408f1a0
 Bits: [0x00007f6879e00000, 0x00007f687be00000)

Polling page: 0x00007f689af87000

Metaspace:
Metaspace        used 199102K, committed 201728K, reserved 1245184K
 class space     used 27089K, committed 28352K, reserved 1048576K

Usage:
  Non-class:    167.98 MB used.
      Class:     26.45 MB used.
       Both:    194.44 MB used.

Virtual space:
  Non-class space:      192.00 MB reserved,     169.31 MB ( 88%) committed,  3 nodes.
      Class space:        1.00 GB reserved,      27.69 MB (  3%) committed,  1 nodes.
             Both:        1.19 GB reserved,     197.00 MB ( 16%) committed. 

Chunk freelists:
   Non-Class:  5.91 MB
       Class:  4.17 MB
        Both:  10.07 MB

MaxMetaspaceSize: unlimited
CompressedClassSpaceSize: 1.00 GB
Initial GC threshold: 21.00 MB
Current GC threshold: 310.25 MB
CDS: on
 - commit_granule_bytes: 65536.
 - commit_granule_words: 8192.
 - virtual_space_node_default_size: 8388608.
 - enlarge_chunks_in_place: 1.
UseCompressedClassPointers 1, UseCompactObjectHeaders 0
Narrow klass pointer bits 32, Max shift 3
Narrow klass base: 0x000000002e000000, Narrow klass shift: 0
Encoding Range: [0x000000002e000000 - 0x000000012e000000), (4294967296 bytes)
Klass Range:    [0x000000002e001000 - 0x000000006f000000), (1090514944 bytes)
Klass ID Range:  [4096 - 1090519033) (1090514937)
Protection zone: [0x000000002e000000 - 0x000000002e001000), (4096 bytes)


Internal statistics:

num_allocs_failed_limit: 6.
num_arena_births: 4506.
num_arena_deaths: 38.
num_vsnodes_births: 4.
num_vsnodes_deaths: 0.
num_space_committed: 3150.
num_space_uncommitted: 0.
num_chunks_returned_to_freelist: 61.
num_chunks_taken_from_freelist: 12809.
num_chunk_merges: 12.
num_chunk_splits: 8944.
num_chunks_enlarged: 6444.
num_inconsistent_stats: 0.

CodeHeap 'non-profiled nmethods': size=120032Kb used=15466Kb max_used=15466Kb free=104565Kb
 bounds [0x00007f6883ec8000, 0x00007f6884de8000, 0x00007f688b400000]
CodeHeap 'profiled nmethods': size=120032Kb used=52635Kb max_used=53519Kb free=67396Kb
 bounds [0x00007f687c3fe000, 0x00007f687f84e000, 0x00007f6883936000]
CodeHeap 'non-nmethods': size=5704Kb used=2561Kb max_used=2661Kb free=3142Kb
 bounds [0x00007f6883936000, 0x00007f6883bf6000, 0x00007f6883ec8000]
CodeCache: size=245768Kb, used=70662Kb, max_used=71646Kb, free=175103Kb
 total_blobs=30028, nmethods=28825, adapters=1104, full_count=0
Compilation: enabled, stopped_count=0, restarted_count=0

Compilation events (20 events):
Event: 226.822 Thread 0x00007f6894143100 34381   !   3       sun.nio.ch.SocketChannelImpl::beginConnect (143 bytes)
Event: 226.823 Thread 0x00007f6894143100 nmethod 34381 0x00007f687e5a4b08 code [0x00007f687e5a4c00, 0x00007f687e5a5bd0]
Event: 233.846 Thread 0x00007f6894143100 34382       3       java.util.concurrent.locks.LockSupport::parkNanos (36 bytes)
Event: 233.846 Thread 0x00007f6894143100 nmethod 34382 0x00007f687e5a4588 code [0x00007f687e5a4680, 0x00007f687e5a4ad8]
Event: 239.866 Thread 0x00007f6894143100 34383       3       java.util.concurrent.ForkJoinWorkerThread::hasKnownQueuedWork (110 bytes)
Event: 239.866 Thread 0x00007f6894143100 nmethod 34383 0x00007f687e5a3f88 code [0x00007f687e5a4080, 0x00007f687e5a4560]
Event: 239.866 Thread 0x00007f6894143100 34384       3       java.util.concurrent.LinkedTransferQueue$DualNode::checkForUniprocessor (37 bytes)
Event: 239.866 Thread 0x00007f6894143100 nmethod 34384 0x00007f687e5a3b88 code [0x00007f687e5a3c80, 0x00007f687e5a3f80]
Event: 244.611 Thread 0x00007f6894143100 34385       3       jdk.management.jfr.internal.FlightRecorderMXBeanProvider$SingleMBeanComponent::mbeanInterfaceNames (11 bytes)
Event: 244.611 Thread 0x00007f6894143100 nmethod 34385 0x00007f687e5a3588 code [0x00007f687e5a3680, 0x00007f687e5a3b68]
Event: 248.611 Thread 0x00007f6894143100 34386       3       java.lang.management.MemoryUsage::<init> (170 bytes)
Event: 248.611 Thread 0x00007f6894143100 nmethod 34386 0x00007f687e5a2a88 code [0x00007f687e5a2b80, 0x00007f687e5a3560]
Event: 249.611 Thread 0x00007f6894143100 34387       3       java.lang.management.ManagementFactory::platformComponents (9 bytes)
Event: 249.611 Thread 0x00007f6894143100 nmethod 34387 0x00007f687e5a2408 code [0x00007f687e5a2500, 0x00007f687e5a2a00]
Event: 250.611 Thread 0x00007f6894143100 34388       3       java.lang.management.ManagementFactory::getPlatformMXBeans (57 bytes)
Event: 250.612 Thread 0x00007f6894143100 nmethod 34388 0x00007f687e5a1288 code [0x00007f687e5a1380, 0x00007f687e5a23f0]
Event: 250.612 Thread 0x00007f6894143100 34389       3       java.lang.management.ManagementFactory$PlatformMBeanFinder::findFirst (52 bytes)
Event: 250.612 Thread 0x00007f6894143100 nmethod 34389 0x00007f687e5a0008 code [0x00007f687e5a0100, 0x00007f687e5a1270]
Event: 250.612 Thread 0x00007f6894143100 34390       3       java.lang.management.ManagementFactory$$Lambda/0x000000002f032c30::<init> (10 bytes)
Event: 250.613 Thread 0x00007f6894143100 nmethod 34390 0x00007f687e59fd08 code [0x00007f687e59fe00, 0x00007f687e59ffa8]

GC Heap Usage History (20 events):
Event: 14.377 {heap Before GC invocations=51 (full 0):
 garbage-first heap   total reserved 2097152K, committed 638976K, used 568431K [0x0000000080000000, 0x0000000100000000)
  region size 1024K, 362 young (370688K), 9 survivors (9216K)
}
Event: 14.400 {heap After GC invocations=52 (full 0):
 garbage-first heap   total reserved 2097152K, committed 638976K, used 222061K [0x0000000080000000, 0x0000000100000000)
  region size 1024K, 32 young (32768K), 32 survivors (32768K)
}
Event: 14.819 {heap Before GC invocations=52 (full 0):
 garbage-first heap   total reserved 2097152K, committed 638976K, used 247661K [0x0000000080000000, 0x0000000100000000)
  region size 1024K, 58 young (59392K), 32 survivors (32768K)
}
Event: 14.844 {heap After GC invocations=53 (full 0):
 garbage-first heap   total reserved 2097152K, committed 638976K, used 226305K [0x0000000080000000, 0x0000000100000000)
  region size 1024K, 7 young (7168K), 7 survivors (7168K)
}
Event: 16.917 {heap Before GC invocations=54 (full 0):
 garbage-first heap   total reserved 2097152K, committed 638976K, used 509953K [0x0000000080000000, 0x0000000100000000)
  region size 1024K, 291 young (297984K), 7 survivors (7168K)
}
Event: 16.924 {heap After GC invocations=55 (full 0):
 garbage-first heap   total reserved 2097152K, committed 638976K, used 228915K [0x0000000080000000, 0x0000000100000000)
  region size 1024K, 22 young (22528K), 22 survivors (22528K)
}
Event: 19.011 {heap Before GC invocations=55 (full 0):
 garbage-first heap   total reserved 2097152K, committed 638976K, used 532019K [0x0000000080000000, 0x0000000100000000)
  region size 1024K, 316 young (323584K), 22 survivors (22528K)
}
Event: 19.034 {heap After GC invocations=56 (full 0):
 garbage-first heap   total reserved 2097152K, committed 638976K, used 268288K [0x0000000080000000, 0x0000000100000000)
  region size 1024K, 40 young (40960K), 40 survivors (40960K)
}
Event: 20.539 {heap Before GC invocations=56 (full 0):
 garbage-first heap   total reserved 2097152K, committed 638976K, used 522240K [0x0000000080000000, 0x0000000100000000)
  region size 1024K, 288 young (294912K), 40 survivors (40960K)
}
Event: 20.588 {heap After GC invocations=57 (full 0):
 garbage-first heap   total reserved 2097152K, committed 638976K, used 324096K [0x0000000080000000, 0x0000000100000000)
  region size 1024K, 36 young (36864K), 36 survivors (36864K)
}
Event: 24.171 {heap Before GC invocations=58 (full 0):
 garbage-first heap   total reserved 2097152K, committed 638976K, used 532992K [0x0000000080000000, 0x0000000100000000)
  region size 1024K, 244 young (249856K), 36 survivors (36864K)
}
Event: 24.185 {heap After GC invocations=59 (full 0):
 garbage-first heap   total reserved 2097152K, committed 638976K, used 342016K [0x0000000080000000, 0x0000000100000000)
  region size 1024K, 19 young (19456K), 19 survivors (19456K)
}
Event: 25.429 {heap Before GC invocations=59 (full 0):
 garbage-first heap   total reserved 2097152K, committed 638976K, used 549888K [0x0000000080000000, 0x0000000100000000)
  region size 1024K, 222 young (227328K), 19 survivors (19456K)
}
Event: 25.441 {heap After GC invocations=60 (full 0):
 garbage-first heap   total reserved 2097152K, committed 638976K, used 346467K [0x0000000080000000, 0x0000000100000000)
  region size 1024K, 13 young (13312K), 13 survivors (13312K)
}
Event: 26.459 {heap Before GC invocations=60 (full 0):
 garbage-first heap   total reserved 2097152K, committed 638976K, used 560483K [0x0000000080000000, 0x0000000100000000)
  region size 1024K, 222 young (227328K), 13 survivors (13312K)
}
Event: 26.467 {heap After GC invocations=61 (full 0):
 garbage-first heap   total reserved 2097152K, committed 638976K, used 351495K [0x0000000080000000, 0x0000000100000000)
  region size 1024K, 18 young (18432K), 18 survivors (18432K)
}
Event: 33.155 {heap Before GC invocations=62 (full 0):
 garbage-first heap   total reserved 2097152K, committed 638976K, used 570631K [0x0000000080000000, 0x0000000100000000)
  region size 1024K, 233 young (238592K), 18 survivors (18432K)
}
Event: 33.167 {heap After GC invocations=63 (full 0):
 garbage-first heap   total reserved 2097152K, committed 638976K, used 365227K [0x0000000080000000, 0x0000000100000000)
  region size 1024K, 24 young (24576K), 24 survivors (24576K)
}
Event: 34.814 {heap Before GC invocations=63 (full 0):
 garbage-first heap   total reserved 2097152K, committed 1089536K, used 1088171K [0x0000000080000000, 0x0000000100000000)
  region size 1024K, 157 young (160768K), 24 survivors (24576K)
}
Event: 34.832 {heap After GC invocations=64 (full 0):
 garbage-first heap   total reserved 2097152K, committed 1123328K, used 572385K [0x0000000080000000, 0x0000000100000000)
  region size 1024K, 9 young (9216K), 9 survivors (9216K)
}

Metaspace Usage History (20 events):
Event: 14.377 {metaspace Before GC invocations=51 (full 0):
 Metaspace       used 131035K, committed 133376K, reserved 1179648K
  class space    used 19457K, committed 20544K, reserved 1048576K
}
Event: 14.400 {metaspace After GC invocations=52 (full 0):
 Metaspace       used 131035K, committed 133376K, reserved 1179648K
  class space    used 19457K, committed 20544K, reserved 1048576K
}
Event: 14.819 {metaspace Before GC invocations=52 (full 0):
 Metaspace       used 134386K, committed 136704K, reserved 1179648K
  class space    used 19832K, committed 20928K, reserved 1048576K
}
Event: 14.844 {metaspace After GC invocations=53 (full 0):
 Metaspace       used 134386K, committed 136704K, reserved 1179648K
  class space    used 19832K, committed 20928K, reserved 1048576K
}
Event: 16.917 {metaspace Before GC invocations=54 (full 0):
 Metaspace       used 147384K, committed 149888K, reserved 1179648K
  class space    used 21314K, committed 22528K, reserved 1048576K
}
Event: 16.924 {metaspace After GC invocations=55 (full 0):
 Metaspace       used 147384K, committed 149888K, reserved 1179648K
  class space    used 21314K, committed 22528K, reserved 1048576K
}
Event: 19.011 {metaspace Before GC invocations=55 (full 0):
 Metaspace       used 165524K, committed 168000K, reserved 1245184K
  class space    used 23128K, committed 24320K, reserved 1048576K
}
Event: 19.034 {metaspace After GC invocations=56 (full 0):
 Metaspace       used 165524K, committed 168000K, reserved 1245184K
  class space    used 23128K, committed 24320K, reserved 1048576K
}
Event: 20.539 {metaspace Before GC invocations=56 (full 0):
 Metaspace       used 168429K, committed 170880K, reserved 1245184K
  class space    used 23467K, committed 24640K, reserved 1048576K
}
Event: 20.588 {metaspace After GC invocations=57 (full 0):
 Metaspace       used 168429K, committed 170880K, reserved 1245184K
  class space    used 23467K, committed 24640K, reserved 1048576K
}
Event: 24.171 {metaspace Before GC invocations=58 (full 0):
 Metaspace       used 180898K, committed 183360K, reserved 1245184K
  class space    used 24923K, committed 26112K, reserved 1048576K
}
Event: 24.185 {metaspace After GC invocations=59 (full 0):
 Metaspace       used 180898K, committed 183360K, reserved 1245184K
  class space    used 24923K, committed 26112K, reserved 1048576K
}
Event: 25.429 {metaspace Before GC invocations=59 (full 0):
 Metaspace       used 185011K, committed 187456K, reserved 1245184K
  class space    used 25412K, committed 26624K, reserved 1048576K
}
Event: 25.441 {metaspace After GC invocations=60 (full 0):
 Metaspace       used 185011K, committed 187456K, reserved 1245184K
  class space    used 25412K, committed 26624K, reserved 1048576K
}
Event: 26.459 {metaspace Before GC invocations=60 (full 0):
 Metaspace       used 187989K, committed 190528K, reserved 1245184K
  class space    used 25706K, committed 26944K, reserved 1048576K
}
Event: 26.467 {metaspace After GC invocations=61 (full 0):
 Metaspace       used 187989K, committed 190528K, reserved 1245184K
  class space    used 25706K, committed 26944K, reserved 1048576K
}
Event: 33.155 {metaspace Before GC invocations=62 (full 0):
 Metaspace       used 194428K, committed 196992K, reserved 1245184K
  class space    used 26480K, committed 27712K, reserved 1048576K
}
Event: 33.167 {metaspace After GC invocations=63 (full 0):
 Metaspace       used 194428K, committed 196992K, reserved 1245184K
  class space    used 26480K, committed 27712K, reserved 1048576K
}
Event: 34.814 {metaspace Before GC invocations=63 (full 0):
 Metaspace       used 198041K, committed 200576K, reserved 1245184K
  class space    used 26957K, committed 28160K, reserved 1048576K
}
Event: 34.832 {metaspace After GC invocations=64 (full 0):
 Metaspace       used 198041K, committed 200576K, reserved 1245184K
  class space    used 26957K, committed 28160K, reserved 1048576K
}

Dll operation events (18 events):
Event: 0.001 Loaded shared library /home/abhimanyu/Trikrypta/VocoNexus/.gradle-home/jdks/eclipse_adoptium-25-amd64-linux.2/lib/libjava.so
Event: 0.014 Loaded shared library /home/abhimanyu/Trikrypta/VocoNexus/.gradle-home/jdks/eclipse_adoptium-25-amd64-linux.2/lib/libsimdsort.so
Event: 0.037 Loaded shared library /home/abhimanyu/Trikrypta/VocoNexus/.gradle-home/jdks/eclipse_adoptium-25-amd64-linux.2/lib/libzip.so
Event: 0.038 Loaded shared library /home/abhimanyu/Trikrypta/VocoNexus/.gradle-home/jdks/eclipse_adoptium-25-amd64-linux.2/lib/libinstrument.so
Event: 0.039 Loaded shared library /home/abhimanyu/Trikrypta/VocoNexus/.gradle-home/jdks/eclipse_adoptium-25-amd64-linux.2/lib/libnio.so
Event: 0.041 Loaded shared library /home/abhimanyu/Trikrypta/VocoNexus/.gradle-home/jdks/eclipse_adoptium-25-amd64-linux.2/lib/libzip.so
Event: 0.087 Loaded shared library /home/abhimanyu/Trikrypta/VocoNexus/.gradle-home/jdks/eclipse_adoptium-25-amd64-linux.2/lib/libjimage.so
Event: 0.186 Loaded shared library /home/abhimanyu/Trikrypta/VocoNexus/.gradle-home/jdks/eclipse_adoptium-25-amd64-linux.2/lib/libverify.so
Event: 0.199 Loaded shared library /home/abhimanyu/Trikrypta/VocoNexus/.gradle-home/jdks/eclipse_adoptium-25-amd64-linux.2/lib/libnet.so
Event: 0.200 Loaded shared library /home/abhimanyu/Trikrypta/VocoNexus/.gradle-home/native/660c5614fbf4a5f2a75b1949f50a0caf5cd603558e7d8a26e50b933a0cfb79d1/linux-amd64/libnative-platform.so
Event: 0.208 Loaded shared library /home/abhimanyu/Trikrypta/VocoNexus/.gradle-home/native/0.2.8/x86_64-linux-gnu/libgradle-fileevents.so
Event: 0.594 Loaded shared library /home/abhimanyu/Trikrypta/VocoNexus/.gradle-home/jdks/eclipse_adoptium-25-amd64-linux.2/lib/libmanagement.so
Event: 0.595 Loaded shared library /home/abhimanyu/Trikrypta/VocoNexus/.gradle-home/jdks/eclipse_adoptium-25-amd64-linux.2/lib/libmanagement_ext.so
Event: 0.656 Loaded shared library /home/abhimanyu/Trikrypta/VocoNexus/.gradle-home/jdks/eclipse_adoptium-25-amd64-linux.2/lib/libextnet.so
Event: 13.684 Loaded shared library /home/abhimanyu/Trikrypta/VocoNexus/.gradle-home/jdks/eclipse_adoptium-25-amd64-linux.2/lib/libawt.so
Event: 13.686 Loaded shared library /home/abhimanyu/Trikrypta/VocoNexus/.gradle-home/jdks/eclipse_adoptium-25-amd64-linux.2/lib/libawt_headless.so
Event: 24.085 Loaded shared library /tmp/sqlite-3.41.2.2-c18df325-4339-4532-b3d5-d853ffd070ac-libsqlitejdbc.so
Event: 27.964 Loaded shared library /home/abhimanyu/Trikrypta/VocoNexus/.gradle-home/jdks/eclipse_adoptium-25-amd64-linux.2/lib/librmi.so

Deoptimization events (20 events):
Event: 35.211 Thread 0x00007f676c011340 Uncommon trap: trap_request=0xffffff45 fr.pc=0x00007f6883fb9184 relative=0x0000000000000c64
Event: 35.211 Thread 0x00007f676c011340 Uncommon trap: reason=unstable_if action=reinterpret pc=0x00007f6883fb9184 method=jdk.internal.classfile.impl.SplitConstantPool.maybeCloneUtf8Entry(Ljava/lang/classfile/constantpool/Utf8Entry;)Ljdk/internal/classfile/impl/AbstractPoolEntry$Utf8EntryImpl; 
Event: 35.211 Thread 0x00007f676c011340 DEOPT PACKING pc=0x00007f6883fb9184 sp=0x00007f67e58f13f0
Event: 35.211 Thread 0x00007f676c011340 DEOPT UNPACKING pc=0x00007f6883a596f9 sp=0x00007f67e58f1300 mode 2
Event: 35.227 Thread 0x00007f676c011340 Uncommon trap: trap_request=0xffffff45 fr.pc=0x00007f6884252d00 relative=0x0000000000000080
Event: 35.227 Thread 0x00007f676c011340 Uncommon trap: reason=unstable_if action=reinterpret pc=0x00007f6884252d00 method=java.util.concurrent.TimeUnit.toNanos(J)J @ 22 c2
Event: 35.227 Thread 0x00007f676c011340 DEOPT PACKING pc=0x00007f6884252d00 sp=0x00007f67e58f2e70
Event: 35.227 Thread 0x00007f676c011340 DEOPT UNPACKING pc=0x00007f6883a596f9 sp=0x00007f67e58f2e00 mode 2
Event: 94.810 Thread 0x00007f673400a790 Uncommon trap: trap_request=0xffffff45 fr.pc=0x00007f6884bda8bc relative=0x00000000000000bc
Event: 94.810 Thread 0x00007f673400a790 Uncommon trap: reason=unstable_if action=reinterpret pc=0x00007f6884bda8bc method=java.util.concurrent.ForkJoinPool.tryTrim(Ljava/util/concurrent/ForkJoinPool$WorkQueue;IJ)I @ 37 c2
Event: 94.810 Thread 0x00007f673400a790 DEOPT PACKING pc=0x00007f6884bda8bc sp=0x00007f66f63fe7b0
Event: 94.810 Thread 0x00007f673400a790 DEOPT UNPACKING pc=0x00007f6883a596f9 sp=0x00007f66f63fe708 mode 2
Event: 180.748 Thread 0x00007f6895a2eb60 Uncommon trap: trap_request=0xffffff45 fr.pc=0x00007f688455cdb0 relative=0x0000000000000630
Event: 180.748 Thread 0x00007f6895a2eb60 Uncommon trap: reason=unstable_if action=reinterpret pc=0x00007f688455cdb0 method=it.unimi.dsi.fastutil.longs.LongOpenHashSet.contains(J)Z @ 69 c2
Event: 180.748 Thread 0x00007f6895a2eb60 DEOPT PACKING pc=0x00007f688455cdb0 sp=0x00007f68689fda30
Event: 180.748 Thread 0x00007f6895a2eb60 DEOPT UNPACKING pc=0x00007f6883a596f9 sp=0x00007f68689fd818 mode 2
Event: 180.748 Thread 0x00007f6895a2eb60 Uncommon trap: trap_request=0xffffff45 fr.pc=0x00007f6884527fd4 relative=0x00000000000004d4
Event: 180.748 Thread 0x00007f6895a2eb60 Uncommon trap: reason=unstable_if action=reinterpret pc=0x00007f6884527fd4 method=it.unimi.dsi.fastutil.longs.LongOpenHashSet.contains(J)Z @ 69 c2
Event: 180.748 Thread 0x00007f6895a2eb60 DEOPT PACKING pc=0x00007f6884527fd4 sp=0x00007f68689fd9b0
Event: 180.748 Thread 0x00007f6895a2eb60 DEOPT UNPACKING pc=0x00007f6883a596f9 sp=0x00007f68689fd810 mode 2

Classes loaded (20 events):
Event: 35.188 Loading class javax/management/MBeanException done
Event: 35.188 Loading class javax/management/MBeanRegistrationException done
Event: 35.188 Loading class javax/management/NotCompliantMBeanException
Event: 35.188 Loading class javax/management/NotCompliantMBeanException done
Event: 35.188 Loading class javax/management/AttributeNotFoundException
Event: 35.188 Loading class javax/management/AttributeNotFoundException done
Event: 35.188 Loading class javax/management/ReflectionException
Event: 35.188 Loading class javax/management/ReflectionException done
Event: 35.188 Loading class javax/management/InstanceNotFoundException
Event: 35.188 Loading class javax/management/InstanceNotFoundException done
Event: 35.190 Loading class sun/reflect/misc/MethodUtil
Event: 35.190 Loading class sun/reflect/misc/MethodUtil done
Event: 35.190 Loading class sun/reflect/misc/MethodUtil$1
Event: 35.190 Loading class sun/reflect/misc/MethodUtil$1 done
Event: 35.208 Loading class java/security/InvalidParameterException
Event: 35.208 Loading class java/security/InvalidParameterException done
Event: 35.213 Loading class java/nio/channels/CancelledKeyException
Event: 35.213 Loading class java/nio/channels/CancelledKeyException done
Event: 35.237 Loading class java/nio/channels/AsynchronousCloseException
Event: 35.237 Loading class java/nio/channels/AsynchronousCloseException done

Classes unloaded (19 events):
Event: 4.820 Thread 0x00007f689412fd30 Unloading class 0x000000002f8ac000 'java/lang/invoke/LambdaForm$DMH+0x000000002f8ac000'
Event: 10.023 Thread 0x00007f689412fd30 Unloading class 0x000000002ff40800 'java/lang/invoke/LambdaForm$DMH+0x000000002ff40800'
Event: 10.023 Thread 0x00007f689412fd30 Unloading class 0x000000002ff41800 'java/lang/invoke/LambdaForm$DMH+0x000000002ff41800'
Event: 10.023 Thread 0x00007f689412fd30 Unloading class 0x000000002ff41400 'java/lang/invoke/LambdaForm$DMH+0x000000002ff41400'
Event: 10.023 Thread 0x00007f689412fd30 Unloading class 0x000000002ff41000 'java/lang/invoke/LambdaForm$DMH+0x000000002ff41000'
Event: 10.023 Thread 0x00007f689412fd30 Unloading class 0x000000002ff40c00 'java/lang/invoke/LambdaForm$DMH+0x000000002ff40c00'
Event: 10.023 Thread 0x00007f689412fd30 Unloading class 0x000000002ff40400 'java/lang/invoke/LambdaForm$DMH+0x000000002ff40400'
Event: 10.023 Thread 0x00007f689412fd30 Unloading class 0x000000002ff2c400 'java/lang/invoke/LambdaForm$DMH+0x000000002ff2c400'
Event: 11.914 Thread 0x00007f689412fd30 Unloading class 0x0000000030080400 'java/lang/invoke/LambdaForm$DMH+0x0000000030080400'
Event: 11.914 Thread 0x00007f689412fd30 Unloading class 0x0000000030068000 'java/lang/invoke/LambdaForm$DMH+0x0000000030068000'
Event: 11.914 Thread 0x00007f689412fd30 Unloading class 0x000000003005d400 'java/lang/invoke/LambdaForm$MH+0x000000003005d400'
Event: 11.914 Thread 0x00007f689412fd30 Unloading class 0x000000003005c800 'java/lang/invoke/LambdaForm$DMH+0x000000003005c800'
Event: 11.914 Thread 0x00007f689412fd30 Unloading class 0x000000003005c400 'java/lang/invoke/LambdaForm$DMH+0x000000003005c400'
Event: 11.914 Thread 0x00007f689412fd30 Unloading class 0x0000000030044400 'java/lang/invoke/LambdaForm$DMH+0x0000000030044400'
Event: 14.954 Thread 0x00007f689412fd30 Unloading class 0x0000000030158000 'java/lang/invoke/LambdaForm$DMH+0x0000000030158000'
Event: 26.617 Thread 0x00007f689412fd30 Unloading class 0x000000003093d800 'java/lang/invoke/LambdaForm$MH+0x000000003093d800'
Event: 26.617 Thread 0x00007f689412fd30 Unloading class 0x000000003093d000 'java/lang/invoke/LambdaForm$DMH+0x000000003093d000'
Event: 26.617 Thread 0x00007f689412fd30 Unloading class 0x000000003093c800 'java/lang/invoke/LambdaForm$DMH+0x000000003093c800'
Event: 26.617 Thread 0x00007f689412fd30 Unloading class 0x000000003093c000 'java/lang/invoke/LambdaForm$DMH+0x000000003093c000'

Classes redefined (0 events):
No events

Internal exceptions (20 events):
Event: 241.869 Thread 0x00007f673c0d09e0 Exception <a 'java/net/ConnectException'{0x00000000ba97c4a0}> (0x00000000ba97c4a0) 
thrown [src/hotspot/share/prims/jni.cpp, line 516]
Event: 241.869 Thread 0x00007f673c0d09e0 Exception <a 'java/net/ConnectException'{0x00000000ba97ca20}> (0x00000000ba97ca20) 
thrown [src/hotspot/share/prims/jni.cpp, line 516]
Event: 242.872 Thread 0x00007f673c0d09e0 Exception <a 'java/net/ConnectException'{0x00000000ba984fa0}> (0x00000000ba984fa0) 
thrown [src/hotspot/share/prims/jni.cpp, line 516]
Event: 242.872 Thread 0x00007f673c0d09e0 Exception <a 'java/net/ConnectException'{0x00000000ba985520}> (0x00000000ba985520) 
thrown [src/hotspot/share/prims/jni.cpp, line 516]
Event: 243.875 Thread 0x00007f673c0d09e0 Exception <a 'java/net/ConnectException'{0x00000000ba989a80}> (0x00000000ba989a80) 
thrown [src/hotspot/share/prims/jni.cpp, line 516]
Event: 243.875 Thread 0x00007f673c0d09e0 Exception <a 'java/net/ConnectException'{0x00000000ba98a000}> (0x00000000ba98a000) 
thrown [src/hotspot/share/prims/jni.cpp, line 516]
Event: 244.879 Thread 0x00007f673c0d09e0 Exception <a 'java/net/ConnectException'{0x00000000ba591b90}> (0x00000000ba591b90) 
thrown [src/hotspot/share/prims/jni.cpp, line 516]
Event: 244.879 Thread 0x00007f673c0d09e0 Exception <a 'java/net/ConnectException'{0x00000000ba592110}> (0x00000000ba592110) 
thrown [src/hotspot/share/prims/jni.cpp, line 516]
Event: 245.023 Thread 0x00007f67f98cf0f0 Exception <a 'java/io/IOException'{0x00000000ba604f18}> (0x00000000ba604f18) 
thrown [src/hotspot/share/prims/jni.cpp, line 516]
Event: 245.882 Thread 0x00007f673c0d09e0 Exception <a 'java/net/ConnectException'{0x00000000ba59a690}> (0x00000000ba59a690) 
thrown [src/hotspot/share/prims/jni.cpp, line 516]
Event: 245.882 Thread 0x00007f673c0d09e0 Exception <a 'java/net/ConnectException'{0x00000000ba59ac10}> (0x00000000ba59ac10) 
thrown [src/hotspot/share/prims/jni.cpp, line 516]
Event: 246.885 Thread 0x00007f673c0d09e0 Exception <a 'java/net/ConnectException'{0x00000000ba5a3190}> (0x00000000ba5a3190) 
thrown [src/hotspot/share/prims/jni.cpp, line 516]
Event: 246.885 Thread 0x00007f673c0d09e0 Exception <a 'java/net/ConnectException'{0x00000000ba5a3710}> (0x00000000ba5a3710) 
thrown [src/hotspot/share/prims/jni.cpp, line 516]
Event: 247.889 Thread 0x00007f673c0d09e0 Exception <a 'java/net/ConnectException'{0x00000000ba5abc90}> (0x00000000ba5abc90) 
thrown [src/hotspot/share/prims/jni.cpp, line 516]
Event: 247.889 Thread 0x00007f673c0d09e0 Exception <a 'java/net/ConnectException'{0x00000000ba5ac210}> (0x00000000ba5ac210) 
thrown [src/hotspot/share/prims/jni.cpp, line 516]
Event: 248.891 Thread 0x00007f673c0d09e0 Exception <a 'java/net/ConnectException'{0x00000000ba5b4790}> (0x00000000ba5b4790) 
thrown [src/hotspot/share/prims/jni.cpp, line 516]
Event: 248.892 Thread 0x00007f673c0d09e0 Exception <a 'java/net/ConnectException'{0x00000000ba5b4d10}> (0x00000000ba5b4d10) 
thrown [src/hotspot/share/prims/jni.cpp, line 516]
Event: 249.895 Thread 0x00007f673c0d09e0 Exception <a 'java/net/ConnectException'{0x00000000ba5bd290}> (0x00000000ba5bd290) 
thrown [src/hotspot/share/prims/jni.cpp, line 516]
Event: 249.895 Thread 0x00007f673c0d09e0 Exception <a 'java/net/ConnectException'{0x00000000ba5bd810}> (0x00000000ba5bd810) 
thrown [src/hotspot/share/prims/jni.cpp, line 516]
Event: 250.023 Thread 0x00007f67f98cf0f0 Exception <a 'java/io/IOException'{0x00000000ba4c6598}> (0x00000000ba4c6598) 
thrown [src/hotspot/share/prims/jni.cpp, line 516]

VM Operations (20 events):
Event: 33.739 Executing non-safepoint VM operation: HandshakeAllThreads (Deoptimize)
Event: 33.739 Executing non-safepoint VM operation: HandshakeAllThreads (Deoptimize) done
Event: 33.743 Executing non-safepoint VM operation: HandshakeAllThreads (Deoptimize)
Event: 33.743 Executing non-safepoint VM operation: HandshakeAllThreads (Deoptimize) done
Event: 33.787 Executing non-safepoint VM operation: HandshakeAllThreads (Deoptimize)
Event: 33.787 Executing non-safepoint VM operation: HandshakeAllThreads (Deoptimize) done
Event: 33.940 Executing non-safepoint VM operation: HandshakeAllThreads (Deoptimize)
Event: 33.942 Executing non-safepoint VM operation: HandshakeAllThreads (Deoptimize) done
Event: 34.752 Executing non-safepoint VM operation: HandshakeAllThreads (Deoptimize)
Event: 34.752 Executing non-safepoint VM operation: HandshakeAllThreads (Deoptimize) done
Event: 34.814 Executing safepoint VM operation: G1CollectForAllocation (G1 Evacuation Pause)
Event: 34.832 Executing safepoint VM operation: G1CollectForAllocation (G1 Evacuation Pause) done
Event: 60.046 Executing non-safepoint VM operation: HandshakeAllThreads (HandshakeForDeflation)
Event: 60.046 Executing non-safepoint VM operation: HandshakeAllThreads (HandshakeForDeflation) done
Event: 60.046 Executing non-safepoint VM operation: RendezvousGCThreads
Event: 60.046 Executing non-safepoint VM operation: RendezvousGCThreads done
Event: 240.090 Executing non-safepoint VM operation: HandshakeAllThreads (HandshakeForDeflation)
Event: 240.090 Executing non-safepoint VM operation: HandshakeAllThreads (HandshakeForDeflation) done
Event: 240.090 Executing non-safepoint VM operation: RendezvousGCThreads
Event: 240.090 Executing non-safepoint VM operation: RendezvousGCThreads done

Memory protections (20 events):
Event: 240.868 Protecting memory [0x00007f66fb100000,0x00007f66fb104000] with protection modes 0
Event: 240.868 Protecting memory [0x00007f66f6200000,0x00007f66f6204000] with protection modes 0
Event: 241.871 Protecting memory [0x00007f66f6200000,0x00007f66f6204000] with protection modes 0
Event: 241.872 Protecting memory [0x00007f66fb100000,0x00007f66fb104000] with protection modes 0
Event: 242.874 Protecting memory [0x00007f66f6200000,0x00007f66f6204000] with protection modes 0
Event: 242.874 Protecting memory [0x00007f66fb100000,0x00007f66fb104000] with protection modes 0
Event: 243.878 Protecting memory [0x00007f66fb100000,0x00007f66fb104000] with protection modes 0
Event: 243.878 Protecting memory [0x00007f66f6200000,0x00007f66f6204000] with protection modes 0
Event: 244.881 Protecting memory [0x00007f66fb100000,0x00007f66fb104000] with protection modes 0
Event: 244.881 Protecting memory [0x00007f66f6200000,0x00007f66f6204000] with protection modes 0
Event: 245.884 Protecting memory [0x00007f66fb100000,0x00007f66fb104000] with protection modes 0
Event: 245.884 Protecting memory [0x00007f66f6200000,0x00007f66f6204000] with protection modes 0
Event: 246.888 Protecting memory [0x00007f66f6200000,0x00007f66f6204000] with protection modes 0
Event: 246.888 Protecting memory [0x00007f66fb100000,0x00007f66fb104000] with protection modes 0
Event: 247.891 Protecting memory [0x00007f66fb100000,0x00007f66fb104000] with protection modes 0
Event: 247.891 Protecting memory [0x00007f66f6200000,0x00007f66f6204000] with protection modes 0
Event: 248.894 Protecting memory [0x00007f66fb100000,0x00007f66fb104000] with protection modes 0
Event: 248.894 Protecting memory [0x00007f66f6200000,0x00007f66f6204000] with protection modes 0
Event: 249.897 Protecting memory [0x00007f66f6200000,0x00007f66f6204000] with protection modes 0
Event: 249.897 Protecting memory [0x00007f66fb100000,0x00007f66fb104000] with protection modes 0

Nmethod flushes (20 events):
Event: 26.635 Thread 0x00007f689412fd30 flushing  nmethod 0x00007f687e248608
Event: 26.635 Thread 0x00007f689412fd30 flushing  nmethod 0x00007f687e24f808
Event: 26.635 Thread 0x00007f689412fd30 flushing  nmethod 0x00007f687e2f7b08
Event: 26.635 Thread 0x00007f689412fd30 flushing  nmethod 0x00007f687e2f8b08
Event: 26.635 Thread 0x00007f689412fd30 flushing  nmethod 0x00007f687e2f8e08
Event: 26.635 Thread 0x00007f689412fd30 flushing  nmethod 0x00007f687e300088
Event: 26.635 Thread 0x00007f689412fd30 flushing  nmethod 0x00007f687e302c08
Event: 26.635 Thread 0x00007f689412fd30 flushing  nmethod 0x00007f687e304888
Event: 26.635 Thread 0x00007f689412fd30 flushing  nmethod 0x00007f687e383788
Event: 26.635 Thread 0x00007f689412fd30 flushing  nmethod 0x00007f687e390708
Event: 26.635 Thread 0x00007f689412fd30 flushing  nmethod 0x00007f687e390b08
Event: 26.635 Thread 0x00007f689412fd30 flushing  nmethod 0x00007f687e393108
Event: 26.635 Thread 0x00007f689412fd30 flushing  nmethod 0x00007f687e395388
Event: 26.635 Thread 0x00007f689412fd30 flushing  nmethod 0x00007f687e395b08
Event: 26.635 Thread 0x00007f689412fd30 flushing  nmethod 0x00007f687e397188
Event: 26.635 Thread 0x00007f689412fd30 flushing  nmethod 0x00007f687e397488
Event: 26.635 Thread 0x00007f689412fd30 flushing  nmethod 0x00007f687e3f8b08
Event: 26.635 Thread 0x00007f689412fd30 flushing  nmethod 0x00007f687e565408
Event: 26.635 Thread 0x00007f689412fd30 flushing  nmethod 0x00007f687e762108
Event: 26.635 Thread 0x00007f689412fd30 flushing  nmethod 0x00007f687e76dc88

Events (20 events):
Event: 245.884 Thread 0x00007f673c0d09e0 Thread added: 0x00007f675c00bc80
Event: 245.884 Thread 0x00007f673c0d09e0 Thread added: 0x00007f675c009a90
Event: 245.884 Thread 0x00007f675c00bc80 Thread exited: 0x00007f675c00bc80
Event: 245.884 Thread 0x00007f675c009a90 Thread exited: 0x00007f675c009a90
Event: 246.888 Thread 0x00007f673c0d09e0 Thread added: 0x00007f675c009a90
Event: 246.888 Thread 0x00007f673c0d09e0 Thread added: 0x00007f675c00bc80
Event: 246.888 Thread 0x00007f675c009a90 Thread exited: 0x00007f675c009a90
Event: 246.888 Thread 0x00007f675c00bc80 Thread exited: 0x00007f675c00bc80
Event: 247.891 Thread 0x00007f673c0d09e0 Thread added: 0x00007f675c009a90
Event: 247.891 Thread 0x00007f673c0d09e0 Thread added: 0x00007f675c00bc80
Event: 247.891 Thread 0x00007f675c00bc80 Thread exited: 0x00007f675c00bc80
Event: 247.891 Thread 0x00007f675c009a90 Thread exited: 0x00007f675c009a90
Event: 248.894 Thread 0x00007f673c0d09e0 Thread added: 0x00007f675c009a90
Event: 248.894 Thread 0x00007f673c0d09e0 Thread added: 0x00007f675c00bc80
Event: 248.894 Thread 0x00007f675c009a90 Thread exited: 0x00007f675c009a90
Event: 248.894 Thread 0x00007f675c00bc80 Thread exited: 0x00007f675c00bc80
Event: 249.897 Thread 0x00007f673c0d09e0 Thread added: 0x00007f675c009a90
Event: 249.897 Thread 0x00007f673c0d09e0 Thread added: 0x00007f675c00bc80
Event: 249.897 Thread 0x00007f675c009a90 Thread exited: 0x00007f675c009a90
Event: 249.897 Thread 0x00007f675c00bc80 Thread exited: 0x00007f675c00bc80


Dynamic libraries:
2e000000-2e001000 ---p 00000000 00:00 0 
2e001000-2ed95000 rw-p 00001000 fc:01 4471473                            /home/abhimanyu/Trikrypta/VocoNexus/.gradle-home/jdks/eclipse_adoptium-25-amd64-linux.2/lib/server/classes.jsa
2ed95000-2f000000 ---p 00000000 00:00 0 
2f000000-2f040000 rw-p 00000000 00:00 0 
2f040000-2f140000 rw-p 00000000 00:00 0 
2f140000-2f180000 rw-p 00000000 00:00 0 
2f180000-2f580000 rw-p 00000000 00:00 0 
2f580000-2fa40000 rw-p 00000000 00:00 0 
2fa40000-2fe00000 rw-p 00000000 00:00 0 
2fe00000-30580000 rw-p 00000000 00:00 0 
30580000-30ba0000 rw-p 00000000 00:00 0 
30ba0000-30bc0000 ---p 00000000 00:00 0 
30bc0000-30bd0000 rw-p 00000000 00:00 0 
30bd0000-6f000000 ---p 00000000 00:00 0 
80000000-c2100000 rw-p 00000000 00:00 0 
c2100000-fd800000 ---p 00000000 00:00 0 
fd800000-ffe00000 rw-p 00000000 00:00 0 
ffe00000-fff24000 rw-p 00dc9000 fc:01 4471473                            /home/abhimanyu/Trikrypta/VocoNexus/.gradle-home/jdks/eclipse_adoptium-25-amd64-linux.2/lib/server/classes.jsa
fff24000-100000000 rw-p 00000000 00:00 0 
5e5dc2dfe000-5e5dc2dff000 r--p 00000000 fc:01 4470898                    /home/abhimanyu/Trikrypta/VocoNexus/.gradle-home/jdks/eclipse_adoptium-25-amd64-linux.2/bin/java
5e5dc2dff000-5e5dc2e00000 r-xp 00001000 fc:01 4470898                    /home/abhimanyu/Trikrypta/VocoNexus/.gradle-home/jdks/eclipse_adoptium-25-amd64-linux.2/bin/java
5e5dc2e00000-5e5dc2e01000 r--p 00002000 fc:01 4470898                    /home/abhimanyu/Trikrypta/VocoNexus/.gradle-home/jdks/eclipse_adoptium-25-amd64-linux.2/bin/java
5e5dc2e01000-5e5dc2e02000 r--p 00002000 fc:01 4470898                    /home/abhimanyu/Trikrypta/VocoNexus/.gradle-home/jdks/eclipse_adoptium-25-amd64-linux.2/bin/java
5e5dc2e02000-5e5dc2e03000 rw-p 00003000 fc:01 4470898                    /home/abhimanyu/Trikrypta/VocoNexus/.gradle-home/jdks/eclipse_adoptium-25-amd64-linux.2/bin/java
5e5de1b5f000-5e5de1ba8000 rw-p 00000000 00:00 0                          [heap]
7f66d9221000-7f66daadb000 rw-p 00000000 00:00 0 
7f66e0000000-7f66e0044000 rw-p 00000000 00:00 0 
7f66e0044000-7f66e4000000 ---p 00000000 00:00 0 
7f66e4000000-7f66e4904000 rw-p 00000000 00:00 0 
7f66e4904000-7f66e8000000 ---p 00000000 00:00 0 
7f66e8000000-7f66e8189000 rw-p 00000000 00:00 0 
7f66e8189000-7f66ec000000 ---p 00000000 00:00 0 
7f66ec000000-7f66ee823000 rw-p 00000000 00:00 0 
7f66ee823000-7f66f0000000 ---p 00000000 00:00 0 
7f66f0000000-7f66f070a000 rw-p 00000000 00:00 0 
7f66f070a000-7f66f4000000 ---p 00000000 00:00 0 
7f66f4628000-7f66f462c000 ---p 00000000 00:00 0 
7f66f462c000-7f66f4728000 rw-p 00000000 00:00 0 
7f66f4728000-7f66f472c000 ---p 00000000 00:00 0 
7f66f472c000-7f66f4828000 rw-p 00000000 00:00 0 
7f66f6000000-7f66f6004000 ---p 00000000 00:00 0 
7f66f6004000-7f66f6100000 rw-p 00000000 00:00 0 
7f66f6100000-7f66f6104000 ---p 00000000 00:00 0 
7f66f6104000-7f66f6200000 rw-p 00000000 00:00 0 
7f66f6200000-7f66f6204000 ---p 00000000 00:00 0 
7f66f6204000-7f66f6300000 rw-p 00000000 00:00 0 
7f66f6300000-7f66f6304000 ---p 00000000 00:00 0 
7f66f6304000-7f66f6400000 rw-p 00000000 00:00 0 
7f66f6400000-7f66f6404000 ---p 00000000 00:00 0 
7f66f6404000-7f66f6500000 rw-p 00000000 00:00 0 
7f66f6500000-7f66f6504000 ---p 00000000 00:00 0 
7f66f6504000-7f66f6600000 rw-p 00000000 00:00 0 
7f66f6600000-7f66f6604000 ---p 00000000 00:00 0 
7f66f6604000-7f66f6700000 rw-p 00000000 00:00 0 
7f66f6700000-7f66f6704000 ---p 00000000 00:00 0 
7f66f6704000-7f66f6800000 rw-p 00000000 00:00 0 
7f66f6800000-7f66f6804000 ---p 00000000 00:00 0 
7f66f6804000-7f66f6900000 rw-p 00000000 00:00 0 
7f66f6900000-7f66f6904000 ---p 00000000 00:00 0 
7f66f6904000-7f66f6a00000 rw-p 00000000 00:00 0 
7f66f6a00000-7f66f6a04000 ---p 00000000 00:00 0 
7f66f6a04000-7f66f6b00000 rw-p 00000000 00:00 0 
7f66f6b00000-7f66f6b04000 ---p 00000000 00:00 0 
7f66f6b04000-7f66f6c00000 rw-p 00000000 00:00 0 
7f66f6c00000-7f66f6c04000 ---p 00000000 00:00 0 
7f66f6c04000-7f66f6d00000 rw-p 00000000 00:00 0 
7f66f6d00000-7f66f6d04000 ---p 00000000 00:00 0 
7f66f6d04000-7f66f6e00000 rw-p 00000000 00:00 0 
7f66f6e00000-7f66f6e04000 ---p 00000000 00:00 0 
7f66f6e04000-7f66f6f00000 rw-p 00000000 00:00 0 
7f66f6f00000-7f66f6f04000 ---p 00000000 00:00 0 
7f66f6f04000-7f66f7000000 rw-p 00000000 00:00 0 
7f66f7000000-7f66f9500000 rw-p 00000000 00:00 0 
7f66f9500000-7f66f9600000 rw-p 00000000 00:00 0 
7f66f9600000-7f66f97c0000 rw-p 00000000 00:00 0 
7f66f97c0000-7f66f9900000 rw-p 00000000 00:00 0 
7f66f9900000-7f66f9930000 rw-p 00000000 00:00 0 
7f66f9930000-7f66f9a00000 ---p 00000000 00:00 0 
7f66f9a00000-7f66f9a20000 rw-p 00000000 00:00 0 
7f66f9a20000-7f66fb000000 ---p 00000000 00:00 0 
7f66fb000000-7f66fb004000 ---p 00000000 00:00 0 
7f66fb004000-7f66fb100000 rw-p 00000000 00:00 0 
7f66fb100000-7f66fb104000 ---p 00000000 00:00 0 
7f66fb104000-7f66fb200000 rw-p 00000000 00:00 0 
7f66fb200000-7f66fb204000 ---p 00000000 00:00 0 
7f66fb204000-7f66fb300000 rw-p 00000000 00:00 0 
7f66fb300000-7f66fb304000 ---p 00000000 00:00 0 
7f66fb304000-7f66fb400000 rw-p 00000000 00:00 0 
7f66fb400000-7f6703f33000 r--s 00000000 fc:01 4471465                    /home/abhimanyu/Trikrypta/VocoNexus/.gradle-home/jdks/eclipse_adoptium-25-amd64-linux.2/lib/modules
7f6704000000-7f6704037000 rw-p 00000000 00:00 0 
7f6704037000-7f6708000000 ---p 00000000 00:00 0 
7f6708000000-7f67080a9000 rw-p 00000000 00:00 0 
7f67080a9000-7f670c000000 ---p 00000000 00:00 0 
7f670c000000-7f670c05f000 rw-p 00000000 00:00 0 
7f670c05f000-7f6710000000 ---p 00000000 00:00 0 
7f6710000000-7f67117c5000 rw-p 00000000 00:00 0 
7f67117c5000-7f6714000000 ---p 00000000 00:00 0 
7f6714000000-7f67140b5000 rw-p 00000000 00:00 0 
7f67140b5000-7f6718000000 ---p 00000000 00:00 0 
7f6718000000-7f6718185000 rw-p 00000000 00:00 0 
7f6718185000-7f671c000000 ---p 00000000 00:00 0 
7f671c000000-7f671c061000 rw-p 00000000 00:00 0 
7f671c061000-7f6720000000 ---p 00000000 00:00 0 
7f6720000000-7f672006e000 rw-p 00000000 00:00 0 
7f672006e000-7f6724000000 ---p 00000000 00:00 0 
7f6724000000-7f672402e000 rw-p 00000000 00:00 0 
7f672402e000-7f6728000000 ---p 00000000 00:00 0 
7f6728000000-7f6728bab000 rw-p 00000000 00:00 0 
7f6728bab000-7f672c000000 ---p 00000000 00:00 0 
7f672c000000-7f672e3b3000 rw-p 00000000 00:00 0 
7f672e3b3000-7f6730000000 ---p 00000000 00:00 0 
7f6730000000-7f6730029000 rw-p 00000000 00:00 0 
7f6730029000-7f6734000000 ---p 00000000 00:00 0 
7f6734000000-7f6734a8f000 rw-p 00000000 00:00 0 
7f6734a8f000-7f6738000000 ---p 00000000 00:00 0 
7f6738000000-7f6738f89000 rw-p 00000000 00:00 0 
7f6738f89000-7f673c000000 ---p 00000000 00:00 0 
7f673c000000-7f673c6a2000 rw-p 00000000 00:00 0 
7f673c6a2000-7f6740000000 ---p 00000000 00:00 0 
7f6740000000-7f67405cf000 rw-p 00000000 00:00 0 
7f67405cf000-7f6744000000 ---p 00000000 00:00 0 
7f6744000000-7f67440c4000 rw-p 00000000 00:00 0 
7f67440c4000-7f6748000000 ---p 00000000 00:00 0 
7f6748000000-7f6748601000 rw-p 00000000 00:00 0 
7f6748601000-7f674c000000 ---p 00000000 00:00 0 
7f674c000000-7f674c021000 rw-p 00000000 00:00 0 
7f674c021000-7f6750000000 ---p 00000000 00:00 0 
7f6750000000-7f6750841000 rw-p 00000000 00:00 0 
7f6750841000-7f6754000000 ---p 00000000 00:00 0 
7f6754000000-7f675402c000 rw-p 00000000 00:00 0 
7f675402c000-7f6758000000 ---p 00000000 00:00 0 
7f6758000000-7f675813f000 rw-p 00000000 00:00 0 
7f675813f000-7f675c000000 ---p 00000000 00:00 0 
7f675c000000-7f675c021000 rw-p 00000000 00:00 0 
7f675c021000-7f6760000000 ---p 00000000 00:00 0 
7f6760000000-7f6760050000 rw-p 00000000 00:00 0 
7f6760050000-7f6764000000 ---p 00000000 00:00 0 
7f6764000000-7f6764b00000 rw-p 00000000 00:00 0 
7f6764b00000-7f6764c00000 rw-p 00000000 00:00 0 
7f6764c00000-7f6765f00000 rw-p 00000000 00:00 0 
7f6765f00000-7f6766000000 rw-p 00000000 00:00 0 
7f6766000000-7f6766f00000 rw-p 00000000 00:00 0 
7f6766f00000-7f6767000000 rw-p 00000000 00:00 0 
7f6767000000-7f6768000000 rw-p 00000000 00:00 0 
7f6768000000-7f6768037000 rw-p 00000000 00:00 0 
7f6768037000-7f676c000000 ---p 00000000 00:00 0 
7f676c000000-7f676c021000 rw-p 00000000 00:00 0 
7f676c021000-7f6770000000 ---p 00000000 00:00 0 
7f6770000000-7f677004b000 rw-p 00000000 00:00 0 
7f677004b000-7f6774000000 ---p 00000000 00:00 0 
7f6774000000-7f6774021000 rw-p 00000000 00:00 0 
7f6774021000-7f6778000000 ---p 00000000 00:00 0 
7f6778000000-7f6778053000 rw-p 00000000 00:00 0 
7f6778053000-7f677c000000 ---p 00000000 00:00 0 
7f677c000000-7f677c04d000 rw-p 00000000 00:00 0 
7f677c04d000-7f6780000000 ---p 00000000 00:00 0 
7f6780000000-7f678004f000 rw-p 00000000 00:00 0 
7f678004f000-7f6784000000 ---p 00000000 00:00 0 
7f6784000000-7f6784053000 rw-p 00000000 00:00 0 
7f6784053000-7f6788000000 ---p 00000000 00:00 0 
7f6788000000-7f6788052000 rw-p 00000000 00:00 0 
7f6788052000-7f678c000000 ---p 00000000 00:00 0 
7f678c000000-7f678c048000 rw-p 00000000 00:00 0 
7f678c048000-7f6790000000 ---p 00000000 00:00 0 
7f6790000000-7f6790050000 rw-p 00000000 00:00 0 
7f6790050000-7f6794000000 ---p 00000000 00:00 0 
7f6794000000-7f6794055000 rw-p 00000000 00:00 0 
7f6794055000-7f6798000000 ---p 00000000 00:00 0 
7f6798000000-7f6798051000 rw-p 00000000 00:00 0 
7f6798051000-7f679c000000 ---p 00000000 00:00 0 
7f679c000000-7f679c052000 rw-p 00000000 00:00 0 
7f679c052000-7f67a0000000 ---p 00000000 00:00 0 
7f67a0000000-7f67a0021000 rw-p 00000000 00:00 0 
7f67a0021000-7f67a4000000 ---p 00000000 00:00 0 
7f67a4000000-7f67a404e000 rw-p 00000000 00:00 0 
7f67a404e000-7f67a8000000 ---p 00000000 00:00 0 
7f67a8000000-7f67a8021000 rw-p 00000000 00:00 0 
7f67a8021000-7f67ac000000 ---p 00000000 00:00 0 
7f67ac000000-7f67ac021000 rw-p 00000000 00:00 0 
7f67ac021000-7f67b0000000 ---p 00000000 00:00 0 
7f67b0000000-7f67b0021000 rw-p 00000000 00:00 0 
7f67b0021000-7f67b4000000 ---p 00000000 00:00 0 
7f67b4000000-7f67b4021000 rw-p 00000000 00:00 0 
7f67b4021000-7f67b8000000 ---p 00000000 00:00 0 
7f67b8000000-7f67b8021000 rw-p 00000000 00:00 0 
7f67b8021000-7f67bc000000 ---p 00000000 00:00 0 
7f67bc000000-7f67bc021000 rw-p 00000000 00:00 0 
7f67bc021000-7f67c0000000 ---p 00000000 00:00 0 
7f67c0000000-7f67c0021000 rw-p 00000000 00:00 0 
7f67c0021000-7f67c4000000 ---p 00000000 00:00 0 
7f67c4000000-7f67c4021000 rw-p 00000000 00:00 0 
7f67c4021000-7f67c8000000 ---p 00000000 00:00 0 
7f67c8000000-7f67c8027000 rw-p 00000000 00:00 0 
7f67c8027000-7f67cc000000 ---p 00000000 00:00 0 
7f67cc000000-7f67cc021000 rw-p 00000000 00:00 0 
7f67cc021000-7f67d0000000 ---p 00000000 00:00 0 
7f67d0000000-7f67d0025000 rw-p 00000000 00:00 0 
7f67d0025000-7f67d4000000 ---p 00000000 00:00 0 
7f67d4000000-7f67d4026000 rw-p 00000000 00:00 0 
7f67d4026000-7f67d8000000 ---p 00000000 00:00 0 
7f67d8000000-7f67d8031000 rw-p 00000000 00:00 0 
7f67d8031000-7f67dc000000 ---p 00000000 00:00 0 
7f67dc000000-7f67dc028000 rw-p 00000000 00:00 0 
7f67dc028000-7f67e0000000 ---p 00000000 00:00 0 
7f67e0000000-7f67e0021000 rw-p 00000000 00:00 0 
7f67e0021000-7f67e4004000 ---p 00000000 00:00 0 
7f67e4004000-7f67e4100000 rw-p 00000000 00:00 0 
7f67e4100000-7f67e4104000 ---p 00000000 00:00 0 
7f67e4104000-7f67e4200000 rw-p 00000000 00:00 0 
7f67e4200000-7f67e42ec000 r-xp 00000000 00:53 8                          /tmp/sqlite-3.41.2.2-c18df325-4339-4532-b3d5-d853ffd070ac-libsqlitejdbc.so
7f67e42ec000-7f67e44ec000 ---p 000ec000 00:53 8                          /tmp/sqlite-3.41.2.2-c18df325-4339-4532-b3d5-d853ffd070ac-libsqlitejdbc.so
7f67e44ec000-7f67e44f3000 rw-p 000ec000 00:53 8                          /tmp/sqlite-3.41.2.2-c18df325-4339-4532-b3d5-d853ffd070ac-libsqlitejdbc.so
7f67e44f3000-7f67e44f4000 rw-p 00000000 00:00 0 
7f67e44fe000-7f67e4502000 ---p 00000000 00:00 0 
7f67e4502000-7f67e45fe000 rw-p 00000000 00:00 0 
7f67e45fe000-7f67e4602000 ---p 00000000 00:00 0 
7f67e4602000-7f67e46fe000 rw-p 00000000 00:00 0 
7f67e46fe000-7f67e4702000 ---p 00000000 00:00 0 
7f67e4702000-7f67e47fe000 rw-p 00000000 00:00 0 
7f67e47fe000-7f67e481d000 r--p 00000000 fc:01 4471427                    /home/abhimanyu/Trikrypta/VocoNexus/.gradle-home/jdks/eclipse_adoptium-25-amd64-linux.2/lib/libawt.so
7f67e481d000-7f67e48bb000 r-xp 0001f000 fc:01 4471427                    /home/abhimanyu/Trikrypta/VocoNexus/.gradle-home/jdks/eclipse_adoptium-25-amd64-linux.2/lib/libawt.so
7f67e48bb000-7f67e48c8000 r--p 000bd000 fc:01 4471427                    /home/abhimanyu/Trikrypta/VocoNexus/.gradle-home/jdks/eclipse_adoptium-25-amd64-linux.2/lib/libawt.so
7f67e48c8000-7f67e48c9000 r--p 000c9000 fc:01 4471427                    /home/abhimanyu/Trikrypta/VocoNexus/.gradle-home/jdks/eclipse_adoptium-25-amd64-linux.2/lib/libawt.so
7f67e48c9000-7f67e48d4000 rw-p 000ca000 fc:01 4471427                    /home/abhimanyu/Trikrypta/VocoNexus/.gradle-home/jdks/eclipse_adoptium-25-amd64-linux.2/lib/libawt.so
7f67e48d4000-7f67e48f9000 rw-p 00000000 00:00 0 
7f67e48f9000-7f67e48fd000 ---p 00000000 00:00 0 
7f67e48fd000-7f67e49f9000 rw-p 00000000 00:00 0 
7f67e49f9000-7f67e49fd000 ---p 00000000 00:00 0 
7f67e49fd000-7f67e4af9000 rw-p 00000000 00:00 0 
7f67e4af9000-7f67e4afd000 ---p 00000000 00:00 0 
7f67e4afd000-7f67e4bf9000 rw-p 00000000 00:00 0 
7f67e4bf9000-7f67e4bfd000 ---p 00000000 00:00 0 
7f67e4bfd000-7f67e4cf9000 rw-p 00000000 00:00 0 
7f67e4cf9000-7f67e4cfd000 ---p 00000000 00:00 0 
7f67e4cfd000-7f67e4df9000 rw-p 00000000 00:00 0 
7f67e4df9000-7f67e4dfd000 ---p 00000000 00:00 0 
7f67e4dfd000-7f67e4ef9000 rw-p 00000000 00:00 0 
7f67e4ef9000-7f67e4efd000 ---p 00000000 00:00 0 
7f67e4efd000-7f67e4ff9000 rw-p 00000000 00:00 0 
7f67e4ff9000-7f67e4ffd000 ---p 00000000 00:00 0 
7f67e4ffd000-7f67e50f9000 rw-p 00000000 00:00 0 
7f67e50f9000-7f67e50fd000 ---p 00000000 00:00 0 
7f67e50fd000-7f67e51f9000 rw-p 00000000 00:00 0 
7f67e51f9000-7f67e51fd000 ---p 00000000 00:00 0 
7f67e51fd000-7f67e52f9000 rw-p 00000000 00:00 0 
7f67e52f9000-7f67e52fd000 ---p 00000000 00:00 0 
7f67e52fd000-7f67e53f9000 rw-p 00000000 00:00 0 
7f67e53f9000-7f67e53fd000 ---p 00000000 00:00 0 
7f67e53fd000-7f67e54f9000 rw-p 00000000 00:00 0 
7f67e54f9000-7f67e54fd000 ---p 00000000 00:00 0 
7f67e54fd000-7f67e55f9000 rw-p 00000000 00:00 0 
7f67e55f9000-7f67e55fd000 ---p 00000000 00:00 0 
7f67e55fd000-7f67e56f9000 rw-p 00000000 00:00 0 
7f67e56f9000-7f67e56fd000 ---p 00000000 00:00 0 
7f67e56fd000-7f67e57f9000 rw-p 00000000 00:00 0 
7f67e57f9000-7f67e57fd000 ---p 00000000 00:00 0 
7f67e57fd000-7f67e58f9000 rw-p 00000000 00:00 0 
7f67e58f9000-7f67e58fd000 ---p 00000000 00:00 0 
7f67e58fd000-7f67e59f9000 rw-p 00000000 00:00 0 
7f67e59f9000-7f67e59fd000 ---p 00000000 00:00 0 
7f67e59fd000-7f67e5af9000 rw-p 00000000 00:00 0 
7f67e5af9000-7f67e5afd000 ---p 00000000 00:00 0 
7f67e5afd000-7f67e5bf9000 rw-p 00000000 00:00 0 
7f67e5bf9000-7f67e5bfd000 ---p 00000000 00:00 0 
7f67e5bfd000-7f67e5cf9000 rw-p 00000000 00:00 0 
7f67e5cf9000-7f67e5cfd000 ---p 00000000 00:00 0 
7f67e5cfd000-7f67e5df9000 rw-p 00000000 00:00 0 
7f67e5df9000-7f67e5dfd000 ---p 00000000 00:00 0 
7f67e5dfd000-7f67e5ef9000 rw-p 00000000 00:00 0 
7f67e5ef9000-7f67e5efd000 ---p 00000000 00:00 0 
7f67e5efd000-7f67e5ff9000 rw-p 00000000 00:00 0 
7f67e5ff9000-7f67e5ffd000 ---p 00000000 00:00 0 
7f67e5ffd000-7f67e60f9000 rw-p 00000000 00:00 0 
7f67e60f9000-7f67e60fd000 ---p 00000000 00:00 0 
7f67e60fd000-7f67e61f9000 rw-p 00000000 00:00 0 
7f67e61f9000-7f67e61fd000 ---p 00000000 00:00 0 
7f67e61fd000-7f67e62f9000 rw-p 00000000 00:00 0 
7f67e62f9000-7f67e62fd000 ---p 00000000 00:00 0 
7f67e62fd000-7f67e63f9000 rw-p 00000000 00:00 0 
7f67e63f9000-7f67e63fd000 ---p 00000000 00:00 0 
7f67e63fd000-7f67e64f9000 rw-p 00000000 00:00 0 
7f67e64f9000-7f67e64fd000 ---p 00000000 00:00 0 
7f67e64fd000-7f67e65f9000 rw-p 00000000 00:00 0 
7f67e65f9000-7f67e65fd000 ---p 00000000 00:00 0 
7f67e65fd000-7f67e66f9000 rw-p 00000000 00:00 0 
7f67e66f9000-7f67e66fd000 ---p 00000000 00:00 0 
7f67e66fd000-7f67e67f9000 rw-p 00000000 00:00 0 
7f67e67f9000-7f67e67fd000 ---p 00000000 00:00 0 
7f67e67fd000-7f67e68f9000 rw-p 00000000 00:00 0 
7f67e68f9000-7f67e68fd000 ---p 00000000 00:00 0 
7f67e68fd000-7f67e69f9000 rw-p 00000000 00:00 0 
7f67e69f9000-7f67e69fd000 ---p 00000000 00:00 0 
7f67e69fd000-7f67e6af9000 rw-p 00000000 00:00 0 
7f67e6af9000-7f67e6afd000 ---p 00000000 00:00 0 
7f67e6afd000-7f67e6bf9000 rw-p 00000000 00:00 0 
7f67e6bf9000-7f67e6bfd000 ---p 00000000 00:00 0 
7f67e6bfd000-7f67e6cf9000 rw-p 00000000 00:00 0 
7f67e6cf9000-7f67e6cfd000 ---p 00000000 00:00 0 
7f67e6cfd000-7f67e6df9000 rw-p 00000000 00:00 0 
7f67e6df9000-7f67e6dfd000 ---p 00000000 00:00 0 
7f67e6dfd000-7f67e6ef9000 rw-p 00000000 00:00 0 
7f67e6ef9000-7f67e6efd000 ---p 00000000 00:00 0 
7f67e6efd000-7f67e6ff9000 rw-p 00000000 00:00 0 
7f67e6ff9000-7f67e6ffd000 ---p 00000000 00:00 0 
7f67e6ffd000-7f67e70f9000 rw-p 00000000 00:00 0 
7f67e70f9000-7f67e70fd000 ---p 00000000 00:00 0 
7f67e70fd000-7f67e71f9000 rw-p 00000000 00:00 0 
7f67e71f9000-7f67e71fd000 ---p 00000000 00:00 0 
7f67e71fd000-7f67e72f9000 rw-p 00000000 00:00 0 
7f67e72f9000-7f67e72fd000 ---p 00000000 00:00 0 
7f67e72fd000-7f67e73f9000 rw-p 00000000 00:00 0 
7f67e73f9000-7f67e73fd000 ---p 00000000 00:00 0 
7f67e73fd000-7f67e74f9000 rw-p 00000000 00:00 0 
7f67e74f9000-7f67e74fd000 ---p 00000000 00:00 0 
7f67e74fd000-7f67e75f9000 rw-p 00000000 00:00 0 
7f67e75f9000-7f67e75fd000 ---p 00000000 00:00 0 
7f67e75fd000-7f67e76f9000 rw-p 00000000 00:00 0 
7f67e76f9000-7f67e76fd000 ---p 00000000 00:00 0 
7f67e76fd000-7f67e77f9000 rw-p 00000000 00:00 0 
7f67e77f9000-7f67e77fa000 ---p 00000000 00:00 0 
7f67e77fa000-7f67e78fa000 rw-p 00000000 00:00 0 
7f67e78fa000-7f67e78fb000 ---p 00000000 00:00 0 
7f67e78fb000-7f67e79fb000 rw-p 00000000 00:00 0 
7f67e79fb000-7f67e79fc000 ---p 00000000 00:00 0 
7f67e79fc000-7f67e7afc000 rw-p 00000000 00:00 0 
7f67e7afc000-7f67e7afd000 ---p 00000000 00:00 0 
7f67e7afd000-7f67e7bfd000 rw-p 00000000 00:00 0 
7f67e7bfd000-7f67e7bfe000 ---p 00000000 00:00 0 
7f67e7bfe000-7f67e7cfe000 rw-p 00000000 00:00 0 
7f67e7cfe000-7f67e7cff000 ---p 00000000 00:00 0 
7f67e7cff000-7f67e7dff000 rw-p 00000000 00:00 0 
7f67e7dff000-7f67e7e00000 ---p 00000000 00:00 0 
7f67e7e00000-7f67e7f00000 rw-p 00000000 00:00 0 
7f67e7f00000-7f67e7f04000 ---p 00000000 00:00 0 
7f67e7f04000-7f67e8000000 rw-p 00000000 00:00 0 
7f67e8000000-7f67e8021000 rw-p 00000000 00:00 0 
7f67e8021000-7f67ec000000 ---p 00000000 00:00 0 
7f67ec000000-7f67ec021000 rw-p 00000000 00:00 0 
7f67ec021000-7f67f0000000 ---p 00000000 00:00 0 
7f67f0000000-7f67f0021000 rw-p 00000000 00:00 0 
7f67f0021000-7f67f4000000 ---p 00000000 00:00 0 
7f67f4000000-7f67f4021000 rw-p 00000000 00:00 0 
7f67f4021000-7f67f8000000 ---p 00000000 00:00 0 
7f67f8000000-7f67fa524000 rw-p 00000000 00:00 0 
7f67fa524000-7f67fc000000 ---p 00000000 00:00 0 
7f67fc000000-7f67fc021000 rw-p 00000000 00:00 0 
7f67fc021000-7f6800000000 ---p 00000000 00:00 0 
7f6800000000-7f6800021000 rw-p 00000000 00:00 0 
7f6800021000-7f6804000000 ---p 00000000 00:00 0 
7f6804000000-7f6804021000 rw-p 00000000 00:00 0 
7f6804021000-7f6808000000 ---p 00000000 00:00 0 
7f6808000000-7f6808021000 rw-p 00000000 00:00 0 
7f6808021000-7f680c000000 ---p 00000000 00:00 0 
7f680c000000-7f680c021000 rw-p 00000000 00:00 0 
7f680c021000-7f6810000000 ---p 00000000 00:00 0 
7f6810000000-7f6810021000 rw-p 00000000 00:00 0 
7f6810021000-7f6814000000 ---p 00000000 00:00 0 
7f6814000000-7f6814052000 rw-p 00000000 00:00 0 
7f6814052000-7f6818000000 ---p 00000000 00:00 0 
7f6818000000-7f6818025000 rw-p 00000000 00:00 0 
7f6818025000-7f681c000000 ---p 00000000 00:00 0 
7f681c000000-7f681c023000 rw-p 00000000 00:00 0 
7f681c023000-7f6820000000 ---p 00000000 00:00 0 
7f6820000000-7f6820046000 rw-p 00000000 00:00 0 
7f6820046000-7f6824000000 ---p 00000000 00:00 0 
7f6824000000-7f682402e000 rw-p 00000000 00:00 0 
7f682402e000-7f6828000000 ---p 00000000 00:00 0 
7f6828000000-7f682a7bc000 rw-p 00000000 00:00 0 
7f682a7bc000-7f682c000000 ---p 00000000 00:00 0 
7f682c000000-7f682e68d000 rw-p 00000000 00:00 0 
7f682e68d000-7f6830000000 ---p 00000000 00:00 0 
7f6830000000-7f6830021000 rw-p 00000000 00:00 0 
7f6830021000-7f6834000000 ---p 00000000 00:00 0 
7f6834000000-7f6834021000 rw-p 00000000 00:00 0 
7f6834021000-7f6838000000 ---p 00000000 00:00 0 
7f6838000000-7f683a956000 rw-p 00000000 00:00 0 
7f683a956000-7f683c000000 ---p 00000000 00:00 0 
7f683c000000-7f683f046000 rw-p 00000000 00:00 0 
7f683f046000-7f6840000000 ---p 00000000 00:00 0 
7f6840000000-7f684009d000 rw-p 00000000 00:00 0 
7f684009d000-7f6844000000 ---p 00000000 00:00 0 
7f6844000000-7f6844021000 rw-p 00000000 00:00 0 
7f6844021000-7f6848000000 ---p 00000000 00:00 0 
7f6848000000-7f6848021000 rw-p 00000000 00:00 0 
7f6848021000-7f684c000000 ---p 00000000 00:00 0 
7f684c000000-7f684c021000 rw-p 00000000 00:00 0 
7f684c021000-7f6850000000 ---p 00000000 00:00 0 
7f6850000000-7f6850400000 rw-p 00000000 00:00 0 
7f6850400000-7f6850900000 rw-p 00000000 00:00 0 
7f6850900000-7f6850a00000 rw-p 00000000 00:00 0 
7f6850a00000-7f6851100000 rw-p 00000000 00:00 0 
7f6851100000-7f6851200000 rw-p 00000000 00:00 0 
7f6851200000-7f6851f00000 rw-p 00000000 00:00 0 
7f6851f00000-7f6852000000 rw-p 00000000 00:00 0 
7f6852000000-7f6852d80000 rw-p 00000000 00:00 0 
7f6852d80000-7f6852e00000 rw-p 00000000 00:00 0 
7f6852e00000-7f6853500000 rw-p 00000000 00:00 0 
7f6853500000-7f6853700000 rw-p 00000000 00:00 0 
7f6853700000-7f6853800000 rw-p 00000000 00:00 0 
7f6853800000-7f6853900000 rw-p 00000000 00:00 0 
7f6853900000-7f6853a00000 rw-p 00000000 00:00 0 
7f6853a00000-7f6854000000 rw-p 00000000 00:00 0 
7f6854000000-7f6854021000 rw-p 00000000 00:00 0 
7f6854021000-7f6858000000 ---p 00000000 00:00 0 
7f6858000000-7f6858083000 rw-p 00000000 00:00 0 
7f6858083000-7f685c000000 ---p 00000000 00:00 0 
7f685c000000-7f685c021000 rw-p 00000000 00:00 0 
7f685c021000-7f6860000000 ---p 00000000 00:00 0 
7f6860000000-7f6860021000 rw-p 00000000 00:00 0 
7f6860021000-7f6864000000 ---p 00000000 00:00 0 
7f6864000000-7f6864021000 rw-p 00000000 00:00 0 
7f6864021000-7f6868004000 ---p 00000000 00:00 0 
7f6868004000-7f6868100000 rw-p 00000000 00:00 0 
7f6868100000-7f6868104000 ---p 00000000 00:00 0 
7f6868104000-7f6868200000 rw-p 00000000 00:00 0 
7f6868200000-7f6868204000 ---p 00000000 00:00 0 
7f6868204000-7f6868300000 rw-p 00000000 00:00 0 
7f6868300000-7f6868304000 ---p 00000000 00:00 0 
7f6868304000-7f6868400000 rw-p 00000000 00:00 0 
7f6868400000-7f6868404000 ---p 00000000 00:00 0 
7f6868404000-7f6868500000 rw-p 00000000 00:00 0 
7f6868500000-7f6868504000 ---p 00000000 00:00 0 
7f6868504000-7f6868600000 rw-p 00000000 00:00 0 
7f6868600000-7f6868604000 ---p 00000000 00:00 0 
7f6868604000-7f6868700000 rw-p 00000000 00:00 0 
7f6868700000-7f6868704000 ---p 00000000 00:00 0 
7f6868704000-7f6868800000 rw-p 00000000 00:00 0 
7f6868800000-7f6868804000 ---p 00000000 00:00 0 
7f6868804000-7f6868900000 rw-p 00000000 00:00 0 
7f6868900000-7f6868904000 ---p 00000000 00:00 0 
7f6868904000-7f6868a00000 rw-p 00000000 00:00 0 
7f6868a00000-7f6868a04000 ---p 00000000 00:00 0 
7f6868a04000-7f6868b00000 rw-p 00000000 00:00 0 
7f6868b00000-7f6868b04000 ---p 00000000 00:00 0 
7f6868b04000-7f6868c00000 rw-p 00000000 00:00 0 
7f6868c00000-7f6868c05000 r-xp 00000000 fc:01 4492932                    /home/abhimanyu/Trikrypta/VocoNexus/.gradle-home/native/660c5614fbf4a5f2a75b1949f50a0caf5cd603558e7d8a26e50b933a0cfb79d1/linux-amd64/libnative-platform.so
7f6868c05000-7f6868e05000 ---p 00005000 fc:01 4492932                    /home/abhimanyu/Trikrypta/VocoNexus/.gradle-home/native/660c5614fbf4a5f2a75b1949f50a0caf5cd603558e7d8a26e50b933a0cfb79d1/linux-amd64/libnative-platform.so
7f6868e05000-7f6868e06000 r--p 00005000 fc:01 4492932                    /home/abhimanyu/Trikrypta/VocoNexus/.gradle-home/native/660c5614fbf4a5f2a75b1949f50a0caf5cd603558e7d8a26e50b933a0cfb79d1/linux-amd64/libnative-platform.so
7f6868e06000-7f6868e07000 rw-p 00006000 fc:01 4492932                    /home/abhimanyu/Trikrypta/VocoNexus/.gradle-home/native/660c5614fbf4a5f2a75b1949f50a0caf5cd603558e7d8a26e50b933a0cfb79d1/linux-amd64/libnative-platform.so
7f6868eff000-7f6868f00000 ---p 00000000 00:00 0 
7f6868f00000-7f6869000000 rw-p 00000000 00:00 0 
7f6869000000-7f6869f0d000 r--p 00000000 fc:01 18482268                   /usr/lib/locale/locale-archive
7f686a000000-7f686c021000 rw-p 00000000 00:00 0 
7f686c021000-7f6870000000 ---p 00000000 00:00 0 
7f6870000000-7f6870021000 rw-p 00000000 00:00 0 
7f6870021000-7f6874000000 ---p 00000000 00:00 0 
7f6874000000-7f6874021000 rw-p 00000000 00:00 0 
7f6874021000-7f6878000000 ---p 00000000 00:00 0 
7f68780ed000-7f68780ee000 ---p 00000000 00:00 0 
7f68780ee000-7f68781ee000 rw-p 00000000 00:00 0 
7f68781ee000-7f68781ef000 ---p 00000000 00:00 0 
7f68781ef000-7f68782ef000 rw-p 00000000 00:00 0 
7f68782ef000-7f68782f0000 ---p 00000000 00:00 0 
7f68782f0000-7f68783f0000 rw-p 00000000 00:00 0 
7f68783f0000-7f68783f4000 ---p 00000000 00:00 0 
7f68783f4000-7f68784f0000 rw-p 00000000 00:00 0 
7f68784f0000-7f68784f4000 ---p 00000000 00:00 0 
7f68784f4000-7f68785f0000 rw-p 00000000 00:00 0 
7f68785f0000-7f68785f4000 ---p 00000000 00:00 0 
7f68785f4000-7f68786f0000 rw-p 00000000 00:00 0 
7f68786f0000-7f68786f4000 ---p 00000000 00:00 0 
7f68786f4000-7f68787f0000 rw-p 00000000 00:00 0 
7f68787f0000-7f68787f4000 ---p 00000000 00:00 0 
7f68787f4000-7f68788f0000 rw-p 00000000 00:00 0 
7f68788f0000-7f68788f4000 ---p 00000000 00:00 0 
7f68788f4000-7f68789f0000 rw-p 00000000 00:00 0 
7f68789f0000-7f68789f4000 ---p 00000000 00:00 0 
7f68789f4000-7f6878af0000 rw-p 00000000 00:00 0 
7f6878af0000-7f6878af4000 ---p 00000000 00:00 0 
7f6878af4000-7f6878bf0000 rw-p 00000000 00:00 0 
7f6878bf0000-7f6878bf4000 ---p 00000000 00:00 0 
7f6878bf4000-7f6878cf0000 rw-p 00000000 00:00 0 
7f6878cf0000-7f6878cf4000 ---p 00000000 00:00 0 
7f6878cf4000-7f6878df0000 rw-p 00000000 00:00 0 
7f6878df0000-7f6878df1000 ---p 00000000 00:00 0 
7f6878df1000-7f6878ef1000 rw-p 00000000 00:00 0 
7f6878ef1000-7f6878ef2000 ---p 00000000 00:00 0 
7f6878ef2000-7f6878ff2000 rw-p 00000000 00:00 0 
7f6878ff2000-7f6878ff3000 ---p 00000000 00:00 0 
7f6878ff3000-7f6878ff7000 ---p 00000000 00:00 0 
7f6878ff7000-7f68790f3000 rw-p 00000000 00:00 0 
7f68790f3000-7f68790f4000 ---p 00000000 00:00 0 
7f68790f4000-7f68791f4000 rw-p 00000000 00:00 0 
7f68791f4000-7f68791f5000 ---p 00000000 00:00 0 
7f68791f5000-7f68792f5000 rw-p 00000000 00:00 0 
7f68792f5000-7f6879cff000 rw-p 00000000 00:00 0 
7f6879cff000-7f6879d00000 ---p 00000000 00:00 0 
7f6879d00000-7f6879e00000 rw-p 00000000 00:00 0 
7f6879e00000-7f687ae84000 rw-p 00000000 00:00 0 
7f687ae84000-7f687bd60000 ---p 00000000 00:00 0 
7f687bd60000-7f687c011000 rw-p 00000000 00:00 0 
7f687c011000-7f687c1ec000 ---p 00000000 00:00 0 
7f687c1ec000-7f687c200000 rw-p 00000000 00:00 0 
7f687c2b2000-7f687c2b6000 ---p 00000000 00:00 0 
7f687c2b6000-7f687c2d4000 rw-p 00000000 00:00 0 
7f687c2d4000-7f687c2d8000 ---p 00000000 00:00 0 
7f687c2d8000-7f687c2f6000 rw-p 00000000 00:00 0 
7f687c2f6000-7f687c2fd000 r--s 00000000 fc:01 18483893                   /usr/lib/x86_64-linux-gnu/gconv/gconv-modules.cache
7f687c2fd000-7f687c2fe000 ---p 00000000 00:00 0 
7f687c2fe000-7f687c3fe000 rw-p 00000000 00:00 0 
7f687c3fe000-7f687f84e000 rwxp 00000000 00:00 0 
7f687f84e000-7f6883936000 ---p 00000000 00:00 0 
7f6883936000-7f6883bf6000 rwxp 00000000 00:00 0 
7f6883bf6000-7f6883ec8000 ---p 00000000 00:00 0 
7f6883ec8000-7f6884de8000 rwxp 00000000 00:00 0 
7f6884de8000-7f688b400000 ---p 00000000 00:00 0 
7f688b400000-7f6893f33000 r--s 00000000 fc:01 4471465                    /home/abhimanyu/Trikrypta/VocoNexus/.gradle-home/jdks/eclipse_adoptium-25-amd64-linux.2/lib/modules
7f6893f38000-7f6893f74000 r--p 00000000 fc:01 4492922                    /home/abhimanyu/Trikrypta/VocoNexus/.gradle-home/native/0.2.8/x86_64-linux-gnu/libgradle-fileevents.so
7f6893f74000-7f6893fbc000 r-xp 0003b000 fc:01 4492922                    /home/abhimanyu/Trikrypta/VocoNexus/.gradle-home/native/0.2.8/x86_64-linux-gnu/libgradle-fileevents.so
7f6893fbc000-7f6893fc5000 r--p 00082000 fc:01 4492922                    /home/abhimanyu/Trikrypta/VocoNexus/.gradle-home/native/0.2.8/x86_64-linux-gnu/libgradle-fileevents.so
7f6893fc5000-7f6893fc6000 rw-p 0008a000 fc:01 4492922                    /home/abhimanyu/Trikrypta/VocoNexus/.gradle-home/native/0.2.8/x86_64-linux-gnu/libgradle-fileevents.so
7f6893fc6000-7f6893fc8000 rw-p 00000000 00:00 0 
7f6893fc8000-7f6893fcc000 r--p 00000000 fc:01 4471463                    /home/abhimanyu/Trikrypta/VocoNexus/.gradle-home/jdks/eclipse_adoptium-25-amd64-linux.2/lib/libverify.so
7f6893fcc000-7f6893fd5000 r-xp 00004000 fc:01 4471463                    /home/abhimanyu/Trikrypta/VocoNexus/.gradle-home/jdks/eclipse_adoptium-25-amd64-linux.2/lib/libverify.so
7f6893fd5000-7f6893fd7000 r--p 0000d000 fc:01 4471463                    /home/abhimanyu/Trikrypta/VocoNexus/.gradle-home/jdks/eclipse_adoptium-25-amd64-linux.2/lib/libverify.so
7f6893fd7000-7f6893fd9000 r--p 0000e000 fc:01 4471463                    /home/abhimanyu/Trikrypta/VocoNexus/.gradle-home/jdks/eclipse_adoptium-25-amd64-linux.2/lib/libverify.so
7f6893fd9000-7f6893fda000 rw-p 00010000 fc:01 4471463                    /home/abhimanyu/Trikrypta/VocoNexus/.gradle-home/jdks/eclipse_adoptium-25-amd64-linux.2/lib/libverify.so
7f6893fda000-7f6893fdd000 r--p 00000000 fc:01 4471454                    /home/abhimanyu/Trikrypta/VocoNexus/.gradle-home/jdks/eclipse_adoptium-25-amd64-linux.2/lib/libnet.so
7f6893fdd000-7f6893fe5000 r-xp 00003000 fc:01 4471454                    /home/abhimanyu/Trikrypta/VocoNexus/.gradle-home/jdks/eclipse_adoptium-25-amd64-linux.2/lib/libnet.so
7f6893fe5000-7f6893fe7000 r--p 0000b000 fc:01 4471454                    /home/abhimanyu/Trikrypta/VocoNexus/.gradle-home/jdks/eclipse_adoptium-25-amd64-linux.2/lib/libnet.so
7f6893fe7000-7f6893fe8000 r--p 0000c000 fc:01 4471454                    /home/abhimanyu/Trikrypta/VocoNexus/.gradle-home/jdks/eclipse_adoptium-25-amd64-linux.2/lib/libnet.so
7f6893fe8000-7f6893fe9000 rw-p 0000d000 fc:01 4471454                    /home/abhimanyu/Trikrypta/VocoNexus/.gradle-home/jdks/eclipse_adoptium-25-amd64-linux.2/lib/libnet.so
7f6893fe9000-7f6893ff1000 r--p 00000000 fc:01 4471455                    /home/abhimanyu/Trikrypta/VocoNexus/.gradle-home/jdks/eclipse_adoptium-25-amd64-linux.2/lib/libnio.so
7f6893ff1000-7f6893ffa000 r-xp 00008000 fc:01 4471455                    /home/abhimanyu/Trikrypta/VocoNexus/.gradle-home/jdks/eclipse_adoptium-25-amd64-linux.2/lib/libnio.so
7f6893ffa000-7f6893ffe000 r--p 00011000 fc:01 4471455                    /home/abhimanyu/Trikrypta/VocoNexus/.gradle-home/jdks/eclipse_adoptium-25-amd64-linux.2/lib/libnio.so
7f6893ffe000-7f6893fff000 r--p 00015000 fc:01 4471455                    /home/abhimanyu/Trikrypta/VocoNexus/.gradle-home/jdks/eclipse_adoptium-25-amd64-linux.2/lib/libnio.so
7f6893fff000-7f6894000000 rw-p 00016000 fc:01 4471455                    /home/abhimanyu/Trikrypta/VocoNexus/.gradle-home/jdks/eclipse_adoptium-25-amd64-linux.2/lib/libnio.so
7f6894000000-7f6895a32000 rw-p 00000000 00:00 0 
7f6895a32000-7f6898000000 ---p 00000000 00:00 0 
7f6898000000-7f6898001000 r--p 00000000 fc:01 4471431                    /home/abhimanyu/Trikrypta/VocoNexus/.gradle-home/jdks/eclipse_adoptium-25-amd64-linux.2/lib/libextnet.so
7f6898001000-7f6898002000 r-xp 00001000 fc:01 4471431                    /home/abhimanyu/Trikrypta/VocoNexus/.gradle-home/jdks/eclipse_adoptium-25-amd64-linux.2/lib/libextnet.so
7f6898002000-7f6898003000 r--p 00002000 fc:01 4471431                    /home/abhimanyu/Trikrypta/VocoNexus/.gradle-home/jdks/eclipse_adoptium-25-amd64-linux.2/lib/libextnet.so
7f6898003000-7f6898004000 r--p 00002000 fc:01 4471431                    /home/abhimanyu/Trikrypta/VocoNexus/.gradle-home/jdks/eclipse_adoptium-25-amd64-linux.2/lib/libextnet.so
7f6898004000-7f6898005000 rw-p 00003000 fc:01 4471431                    /home/abhimanyu/Trikrypta/VocoNexus/.gradle-home/jdks/eclipse_adoptium-25-amd64-linux.2/lib/libextnet.so
7f6898005000-7f6898007000 r--p 00000000 fc:01 4471464                    /home/abhimanyu/Trikrypta/VocoNexus/.gradle-home/jdks/eclipse_adoptium-25-amd64-linux.2/lib/libzip.so
7f6898007000-7f689801a000 r-xp 00002000 fc:01 4471464                    /home/abhimanyu/Trikrypta/VocoNexus/.gradle-home/jdks/eclipse_adoptium-25-amd64-linux.2/lib/libzip.so
7f689801a000-7f6898021000 r--p 00015000 fc:01 4471464                    /home/abhimanyu/Trikrypta/VocoNexus/.gradle-home/jdks/eclipse_adoptium-25-amd64-linux.2/lib/libzip.so
7f6898021000-7f6898022000 r--p 0001c000 fc:01 4471464                    /home/abhimanyu/Trikrypta/VocoNexus/.gradle-home/jdks/eclipse_adoptium-25-amd64-linux.2/lib/libzip.so
7f6898022000-7f6898023000 rw-p 0001d000 fc:01 4471464                    /home/abhimanyu/Trikrypta/VocoNexus/.gradle-home/jdks/eclipse_adoptium-25-amd64-linux.2/lib/libzip.so
7f6898023000-7f68980ff000 rw-p 00000000 00:00 0 
7f68980ff000-7f6898100000 ---p 00000000 00:00 0 
7f6898100000-7f6898200000 rw-p 00000000 00:00 0 
7f6898200000-7f6898411000 rw-p 00000000 00:00 0 
7f6898411000-7f68985ec000 ---p 00000000 00:00 0 
7f68985ec000-7f6898600000 rw-p 00000000 00:00 0 
7f6898603000-7f6898604000 r--p 00000000 fc:01 4471460                    /home/abhimanyu/Trikrypta/VocoNexus/.gradle-home/jdks/eclipse_adoptium-25-amd64-linux.2/lib/libsimdsort.so
7f6898604000-7f689863d000 r-xp 00001000 fc:01 4471460                    /home/abhimanyu/Trikrypta/VocoNexus/.gradle-home/jdks/eclipse_adoptium-25-amd64-linux.2/lib/libsimdsort.so
7f689863d000-7f6898643000 r--p 0003a000 fc:01 4471460                    /home/abhimanyu/Trikrypta/VocoNexus/.gradle-home/jdks/eclipse_adoptium-25-amd64-linux.2/lib/libsimdsort.so
7f6898643000-7f6898644000 r--p 0003f000 fc:01 4471460                    /home/abhimanyu/Trikrypta/VocoNexus/.gradle-home/jdks/eclipse_adoptium-25-amd64-linux.2/lib/libsimdsort.so
7f6898644000-7f6898645000 rw-p 00040000 fc:01 4471460                    /home/abhimanyu/Trikrypta/VocoNexus/.gradle-home/jdks/eclipse_adoptium-25-amd64-linux.2/lib/libsimdsort.so
7f6898654000-7f6898655000 r--p 00000000 fc:01 4471457                    /home/abhimanyu/Trikrypta/VocoNexus/.gradle-home/jdks/eclipse_adoptium-25-amd64-linux.2/lib/librmi.so
7f6898655000-7f6898656000 r-xp 00001000 fc:01 4471457                    /home/abhimanyu/Trikrypta/VocoNexus/.gradle-home/jdks/eclipse_adoptium-25-amd64-linux.2/lib/librmi.so
7f6898656000-7f6898657000 r--p 00002000 fc:01 4471457                    /home/abhimanyu/Trikrypta/VocoNexus/.gradle-home/jdks/eclipse_adoptium-25-amd64-linux.2/lib/librmi.so
7f6898657000-7f6898658000 r--p 00002000 fc:01 4471457                    /home/abhimanyu/Trikrypta/VocoNexus/.gradle-home/jdks/eclipse_adoptium-25-amd64-linux.2/lib/librmi.so
7f6898658000-7f6898659000 rw-p 00003000 fc:01 4471457                    /home/abhimanyu/Trikrypta/VocoNexus/.gradle-home/jdks/eclipse_adoptium-25-amd64-linux.2/lib/librmi.so
7f6898659000-7f689865d000 ---p 00000000 00:00 0 
7f689865d000-7f689867b000 rw-p 00000000 00:00 0 
7f689867b000-7f689867e000 r--p 00000000 fc:01 4471428                    /home/abhimanyu/Trikrypta/VocoNexus/.gradle-home/jdks/eclipse_adoptium-25-amd64-linux.2/lib/libawt_headless.so
7f689867e000-7f6898682000 r-xp 00003000 fc:01 4471428                    /home/abhimanyu/Trikrypta/VocoNexus/.gradle-home/jdks/eclipse_adoptium-25-amd64-linux.2/lib/libawt_headless.so
7f6898682000-7f6898684000 r--p 00007000 fc:01 4471428                    /home/abhimanyu/Trikrypta/VocoNexus/.gradle-home/jdks/eclipse_adoptium-25-amd64-linux.2/lib/libawt_headless.so
7f6898684000-7f6898685000 r--p 00008000 fc:01 4471428                    /home/abhimanyu/Trikrypta/VocoNexus/.gradle-home/jdks/eclipse_adoptium-25-amd64-linux.2/lib/libawt_headless.so
7f6898685000-7f6898686000 rw-p 00009000 fc:01 4471428                    /home/abhimanyu/Trikrypta/VocoNexus/.gradle-home/jdks/eclipse_adoptium-25-amd64-linux.2/lib/libawt_headless.so
7f6898686000-7f6899134000 rw-p 00000000 00:00 0 
7f6899134000-7f6899200000 ---p 00000000 00:00 0 
7f6899200000-7f68994e3000 r--p 00000000 fc:01 4471478                    /home/abhimanyu/Trikrypta/VocoNexus/.gradle-home/jdks/eclipse_adoptium-25-amd64-linux.2/lib/server/libjvm.so
7f68994e3000-7f689a56f000 r-xp 002e3000 fc:01 4471478                    /home/abhimanyu/Trikrypta/VocoNexus/.gradle-home/jdks/eclipse_adoptium-25-amd64-linux.2/lib/server/libjvm.so
7f689a56f000-7f689a880000 r--p 0136f000 fc:01 4471478                    /home/abhimanyu/Trikrypta/VocoNexus/.gradle-home/jdks/eclipse_adoptium-25-amd64-linux.2/lib/server/libjvm.so
7f689a880000-7f689a96b000 r--p 01680000 fc:01 4471478                    /home/abhimanyu/Trikrypta/VocoNexus/.gradle-home/jdks/eclipse_adoptium-25-amd64-linux.2/lib/server/libjvm.so
7f689a96b000-7f689a996000 rw-p 0176b000 fc:01 4471478                    /home/abhimanyu/Trikrypta/VocoNexus/.gradle-home/jdks/eclipse_adoptium-25-amd64-linux.2/lib/server/libjvm.so
7f689a996000-7f689aa12000 rw-p 00000000 00:00 0 
7f689aa15000-7f689aa7e000 rw-p 00000000 00:00 0 
7f689aa7e000-7f689ab00000 ---p 00000000 00:00 0 
7f689ab00000-7f689ab04000 ---p 00000000 00:00 0 
7f689ab04000-7f689ac00000 rw-p 00000000 00:00 0 
7f689ac00000-7f689ac28000 r--p 00000000 fc:01 18483904                   /lib/x86_64-linux-gnu/libc.so.6
7f689ac28000-7f689adb0000 r-xp 00028000 fc:01 18483904                   /lib/x86_64-linux-gnu/libc.so.6
7f689adb0000-7f689adff000 r--p 001b0000 fc:01 18483904                   /lib/x86_64-linux-gnu/libc.so.6
7f689adff000-7f689ae03000 r--p 001fe000 fc:01 18483904                   /lib/x86_64-linux-gnu/libc.so.6
7f689ae03000-7f689ae05000 rw-p 00202000 fc:01 18483904                   /lib/x86_64-linux-gnu/libc.so.6
7f689ae05000-7f689ae12000 rw-p 00000000 00:00 0 
7f689ae14000-7f689ae16000 r--p 00000000 fc:01 4471452                    /home/abhimanyu/Trikrypta/VocoNexus/.gradle-home/jdks/eclipse_adoptium-25-amd64-linux.2/lib/libmanagement_ext.so
7f689ae16000-7f689ae19000 r-xp 00002000 fc:01 4471452                    /home/abhimanyu/Trikrypta/VocoNexus/.gradle-home/jdks/eclipse_adoptium-25-amd64-linux.2/lib/libmanagement_ext.so
7f689ae19000-7f689ae1a000 r--p 00005000 fc:01 4471452                    /home/abhimanyu/Trikrypta/VocoNexus/.gradle-home/jdks/eclipse_adoptium-25-amd64-linux.2/lib/libmanagement_ext.so
7f689ae1a000-7f689ae1b000 r--p 00006000 fc:01 4471452                    /home/abhimanyu/Trikrypta/VocoNexus/.gradle-home/jdks/eclipse_adoptium-25-amd64-linux.2/lib/libmanagement_ext.so
7f689ae1b000-7f689ae1c000 rw-p 00007000 fc:01 4471452                    /home/abhimanyu/Trikrypta/VocoNexus/.gradle-home/jdks/eclipse_adoptium-25-amd64-linux.2/lib/libmanagement_ext.so
7f689ae1c000-7f689ae22000 rw-p 00000000 00:00 0 
7f689ae22000-7f689ae28000 ---p 00000000 00:00 0 
7f689ae28000-7f689ae30000 rw-s 00000000 00:53 4                          /tmp/hsperfdata_abhimanyu/50
7f689ae30000-7f689ae3e000 r--p 00000000 fc:01 4471439                    /home/abhimanyu/Trikrypta/VocoNexus/.gradle-home/jdks/eclipse_adoptium-25-amd64-linux.2/lib/libjava.so
7f689ae3e000-7f689ae4c000 r-xp 0000e000 fc:01 4471439                    /home/abhimanyu/Trikrypta/VocoNexus/.gradle-home/jdks/eclipse_adoptium-25-amd64-linux.2/lib/libjava.so
7f689ae4c000-7f689ae51000 r--p 0001c000 fc:01 4471439                    /home/abhimanyu/Trikrypta/VocoNexus/.gradle-home/jdks/eclipse_adoptium-25-amd64-linux.2/lib/libjava.so
7f689ae51000-7f689ae52000 r--p 00021000 fc:01 4471439                    /home/abhimanyu/Trikrypta/VocoNexus/.gradle-home/jdks/eclipse_adoptium-25-amd64-linux.2/lib/libjava.so
7f689ae52000-7f689ae53000 rw-p 00022000 fc:01 4471439                    /home/abhimanyu/Trikrypta/VocoNexus/.gradle-home/jdks/eclipse_adoptium-25-amd64-linux.2/lib/libjava.so
7f689ae53000-7f689ae54000 rw-p 00000000 00:00 0 
7f689ae54000-7f689ae58000 r--p 00000000 fc:01 4471443                    /home/abhimanyu/Trikrypta/VocoNexus/.gradle-home/jdks/eclipse_adoptium-25-amd64-linux.2/lib/libjimage.so
7f689ae58000-7f689ae70000 r-xp 00004000 fc:01 4471443                    /home/abhimanyu/Trikrypta/VocoNexus/.gradle-home/jdks/eclipse_adoptium-25-amd64-linux.2/lib/libjimage.so
7f689ae70000-7f689ae76000 r--p 0001c000 fc:01 4471443                    /home/abhimanyu/Trikrypta/VocoNexus/.gradle-home/jdks/eclipse_adoptium-25-amd64-linux.2/lib/libjimage.so
7f689ae76000-7f689ae78000 r--p 00021000 fc:01 4471443                    /home/abhimanyu/Trikrypta/VocoNexus/.gradle-home/jdks/eclipse_adoptium-25-amd64-linux.2/lib/libjimage.so
7f689ae78000-7f689ae79000 rw-p 00023000 fc:01 4471443                    /home/abhimanyu/Trikrypta/VocoNexus/.gradle-home/jdks/eclipse_adoptium-25-amd64-linux.2/lib/libjimage.so
7f689ae79000-7f689ae89000 r--p 00000000 fc:01 18483907                   /lib/x86_64-linux-gnu/libm.so.6
7f689ae89000-7f689af08000 r-xp 00010000 fc:01 18483907                   /lib/x86_64-linux-gnu/libm.so.6
7f689af08000-7f689af60000 r--p 0008f000 fc:01 18483907                   /lib/x86_64-linux-gnu/libm.so.6
7f689af60000-7f689af61000 r--p 000e7000 fc:01 18483907                   /lib/x86_64-linux-gnu/libm.so.6
7f689af61000-7f689af62000 rw-p 000e8000 fc:01 18483907                   /lib/x86_64-linux-gnu/libm.so.6
7f689af62000-7f689af63000 r--p 00000000 fc:01 18483928                   /lib/x86_64-linux-gnu/librt.so.1
7f689af63000-7f689af64000 r-xp 00001000 fc:01 18483928                   /lib/x86_64-linux-gnu/librt.so.1
7f689af64000-7f689af65000 r--p 00002000 fc:01 18483928                   /lib/x86_64-linux-gnu/librt.so.1
7f689af65000-7f689af66000 r--p 00002000 fc:01 18483928                   /lib/x86_64-linux-gnu/librt.so.1
7f689af66000-7f689af67000 rw-p 00003000 fc:01 18483928                   /lib/x86_64-linux-gnu/librt.so.1
7f689af67000-7f689af69000 rw-p 00000000 00:00 0 
7f689af69000-7f689af6a000 r--p 00000000 fc:01 18483925                   /lib/x86_64-linux-gnu/libpthread.so.0
7f689af6a000-7f689af6b000 r-xp 00001000 fc:01 18483925                   /lib/x86_64-linux-gnu/libpthread.so.0
7f689af6b000-7f689af6c000 r--p 00002000 fc:01 18483925                   /lib/x86_64-linux-gnu/libpthread.so.0
7f689af6c000-7f689af6d000 r--p 00002000 fc:01 18483925                   /lib/x86_64-linux-gnu/libpthread.so.0
7f689af6d000-7f689af6e000 rw-p 00003000 fc:01 18483925                   /lib/x86_64-linux-gnu/libpthread.so.0
7f689af6e000-7f689af6f000 r--p 00000000 fc:01 18483906                   /lib/x86_64-linux-gnu/libdl.so.2
7f689af6f000-7f689af70000 r-xp 00001000 fc:01 18483906                   /lib/x86_64-linux-gnu/libdl.so.2
7f689af70000-7f689af71000 r--p 00002000 fc:01 18483906                   /lib/x86_64-linux-gnu/libdl.so.2
7f689af71000-7f689af72000 r--p 00002000 fc:01 18483906                   /lib/x86_64-linux-gnu/libdl.so.2
7f689af72000-7f689af73000 rw-p 00003000 fc:01 18483906                   /lib/x86_64-linux-gnu/libdl.so.2
7f689af73000-7f689af76000 r--p 00000000 fc:01 4471450                    /home/abhimanyu/Trikrypta/VocoNexus/.gradle-home/jdks/eclipse_adoptium-25-amd64-linux.2/lib/libmanagement.so
7f689af76000-7f689af77000 r-xp 00003000 fc:01 4471450                    /home/abhimanyu/Trikrypta/VocoNexus/.gradle-home/jdks/eclipse_adoptium-25-amd64-linux.2/lib/libmanagement.so
7f689af77000-7f689af78000 r--p 00004000 fc:01 4471450                    /home/abhimanyu/Trikrypta/VocoNexus/.gradle-home/jdks/eclipse_adoptium-25-amd64-linux.2/lib/libmanagement.so
7f689af78000-7f689af79000 r--p 00004000 fc:01 4471450                    /home/abhimanyu/Trikrypta/VocoNexus/.gradle-home/jdks/eclipse_adoptium-25-amd64-linux.2/lib/libmanagement.so
7f689af79000-7f689af7a000 rw-p 00005000 fc:01 4471450                    /home/abhimanyu/Trikrypta/VocoNexus/.gradle-home/jdks/eclipse_adoptium-25-amd64-linux.2/lib/libmanagement.so
7f689af7a000-7f689af7c000 r--p 00000000 fc:01 4471434                    /home/abhimanyu/Trikrypta/VocoNexus/.gradle-home/jdks/eclipse_adoptium-25-amd64-linux.2/lib/libinstrument.so
7f689af7c000-7f689af82000 r-xp 00002000 fc:01 4471434                    /home/abhimanyu/Trikrypta/VocoNexus/.gradle-home/jdks/eclipse_adoptium-25-amd64-linux.2/lib/libinstrument.so
7f689af82000-7f689af85000 r--p 00008000 fc:01 4471434                    /home/abhimanyu/Trikrypta/VocoNexus/.gradle-home/jdks/eclipse_adoptium-25-amd64-linux.2/lib/libinstrument.so
7f689af85000-7f689af86000 r--p 0000a000 fc:01 4471434                    /home/abhimanyu/Trikrypta/VocoNexus/.gradle-home/jdks/eclipse_adoptium-25-amd64-linux.2/lib/libinstrument.so
7f689af86000-7f689af87000 rw-p 0000b000 fc:01 4471434                    /home/abhimanyu/Trikrypta/VocoNexus/.gradle-home/jdks/eclipse_adoptium-25-amd64-linux.2/lib/libinstrument.so
7f689af87000-7f689af88000 ---p 00000000 00:00 0 
7f689af88000-7f689af89000 r--p 00000000 00:00 0 
7f689af89000-7f689af8a000 ---p 00000000 00:00 0 
7f689af8a000-7f689af8d000 r--p 00000000 fc:01 4471445                    /home/abhimanyu/Trikrypta/VocoNexus/.gradle-home/jdks/eclipse_adoptium-25-amd64-linux.2/lib/libjli.so
7f689af8d000-7f689af9e000 r-xp 00003000 fc:01 4471445                    /home/abhimanyu/Trikrypta/VocoNexus/.gradle-home/jdks/eclipse_adoptium-25-amd64-linux.2/lib/libjli.so
7f689af9e000-7f689afa5000 r--p 00014000 fc:01 4471445                    /home/abhimanyu/Trikrypta/VocoNexus/.gradle-home/jdks/eclipse_adoptium-25-amd64-linux.2/lib/libjli.so
7f689afa5000-7f689afa6000 r--p 0001a000 fc:01 4471445                    /home/abhimanyu/Trikrypta/VocoNexus/.gradle-home/jdks/eclipse_adoptium-25-amd64-linux.2/lib/libjli.so
7f689afa6000-7f689afa7000 rw-p 0001b000 fc:01 4471445                    /home/abhimanyu/Trikrypta/VocoNexus/.gradle-home/jdks/eclipse_adoptium-25-amd64-linux.2/lib/libjli.so
7f689afa7000-7f689afa9000 rw-p 00000000 00:00 0 
7f689afa9000-7f689afad000 r--p 00000000 00:00 0                          [vvar]
7f689afad000-7f689afaf000 r--p 00000000 00:00 0                          [vvar_vclock]
7f689afaf000-7f689afb1000 r-xp 00000000 00:00 0                          [vdso]
7f689afb1000-7f689afb2000 r--p 00000000 fc:01 18483901                   /lib/x86_64-linux-gnu/ld-linux-x86-64.so.2
7f689afb2000-7f689afdd000 r-xp 00001000 fc:01 18483901                   /lib/x86_64-linux-gnu/ld-linux-x86-64.so.2
7f689afdd000-7f689afe7000 r--p 0002c000 fc:01 18483901                   /lib/x86_64-linux-gnu/ld-linux-x86-64.so.2
7f689afe7000-7f689afe9000 r--p 00036000 fc:01 18483901                   /lib/x86_64-linux-gnu/ld-linux-x86-64.so.2
7f689afe9000-7f689afeb000 rw-p 00038000 fc:01 18483901                   /lib/x86_64-linux-gnu/ld-linux-x86-64.so.2
7ffdc3f30000-7ffdc3f51000 rw-p 00000000 00:00 0                          [stack]
ffffffffff600000-ffffffffff601000 --xp 00000000 00:00 0                  [vsyscall]
Total number of mappings: 649

JVMTI agents:
/home/abhimanyu/Trikrypta/VocoNexus/.gradle-home/wrapper/dists/gradle-9.5.0-bin/bvnork1r7n8i6kp5cnkibsc9q/gradle-9.5.0/lib/agents/gradle-instrumentation-agent-9.5.0.jar path:none, loaded, initialized, instrumentlib options:none


VM Arguments:
jvm_args: --add-opens=java.base/java.lang=ALL-UNNAMED --add-opens=java.base/java.lang.invoke=ALL-UNNAMED --add-opens=java.base/java.util=ALL-UNNAMED --add-opens=java.prefs/java.util.prefs=ALL-UNNAMED --add-exports=jdk.compiler/com.sun.tools.javac.api=ALL-UNNAMED --add-exports=jdk.compiler/com.sun.tools.javac.util=ALL-UNNAMED --add-opens=java.base/java.nio.charset=ALL-UNNAMED --add-opens=java.base/java.net=ALL-UNNAMED --add-opens=java.base/java.util.concurrent=ALL-UNNAMED --add-opens=java.base/java.util.concurrent.atomic=ALL-UNNAMED --add-opens=java.xml/javax.xml.namespace=ALL-UNNAMED --add-opens=java.base/java.time=ALL-UNNAMED --enable-native-access=ALL-UNNAMED -Xmx2048m -Dfile.encoding=UTF-8 -Duser.country=IN -Duser.language=en -Duser.variant -javaagent:/home/abhimanyu/Trikrypta/VocoNexus/.gradle-home/wrapper/dists/gradle-9.5.0-bin/bvnork1r7n8i6kp5cnkibsc9q/gradle-9.5.0/lib/agents/gradle-instrumentation-agent-9.5.0.jar 
java_command: org.gradle.launcher.daemon.bootstrap.GradleDaemon 9.5.0
java_class_path (initial): /home/abhimanyu/Trikrypta/VocoNexus/.gradle-home/wrapper/dists/gradle-9.5.0-bin/bvnork1r7n8i6kp5cnkibsc9q/gradle-9.5.0/lib/gradle-daemon-main-9.5.0.jar
Launcher Type: SUN_STANDARD

[Global flags]
     intx CICompilerCount                          = 4                                         {product} {ergonomic}
     uint ConcGCThreads                            = 3                                         {product} {ergonomic}
     uint G1ConcRefinementThreads                  = 10                                        {product} {ergonomic}
   size_t G1HeapRegionSize                         = 1048576                                   {product} {ergonomic}
   size_t InitialHeapSize                          = 257949696                                 {product} {ergonomic}
   size_t MarkStackSize                            = 4194304                                   {product} {ergonomic}
   size_t MarkStackSizeMax                         = 536870912                                 {product} {ergonomic}
   size_t MaxHeapSize                              = 2147483648                                {product} {command line}
   size_t MaxNewSize                               = 1287651328                                {product} {ergonomic}
   size_t MinHeapDeltaBytes                        = 1048576                                   {product} {ergonomic}
   size_t MinHeapSize                              = 8388608                                   {product} {ergonomic}
    uintx NonNMethodCodeHeapSize                   = 5840896                                {pd product} {ergonomic}
    uintx NonProfiledCodeHeapSize                  = 122912768                              {pd product} {ergonomic}
    uintx ProfiledCodeHeapSize                     = 122912768                              {pd product} {ergonomic}
    uintx ReservedCodeCacheSize                    = 251666432                              {pd product} {ergonomic}
     bool SegmentedCodeCache                       = true                                      {product} {ergonomic}
   size_t SoftMaxHeapSize                          = 2147483648                             {manageable} {ergonomic}
     bool UseCompressedOops                        = true                           {product lp64_product} {ergonomic}
     bool UseG1GC                                  = true                                      {product} {ergonomic}

Logging:
Log output configuration:
 #0: stdout all=warning uptime,level,tags foldmultilines=false
 #1: stderr all=off uptime,level,tags foldmultilines=false

Release file:
IMPLEMENTOR="Eclipse Adoptium"
IMPLEMENTOR_VERSION="Temurin-25.0.3+9"
JAVA_RUNTIME_VERSION="25.0.3+9-LTS"
JAVA_VERSION="25.0.3"
JAVA_VERSION_DATE="2026-04-21"
LIBC="gnu"
MODULES="java.base java.compiler java.datatransfer java.xml java.prefs java.desktop java.instrument java.logging java.management java.security.sasl java.naming java.rmi java.management.rmi java.net.http java.scripting java.security.jgss java.transaction.xa java.sql java.sql.rowset java.xml.crypto java.se java.smartcardio jdk.accessibility jdk.internal.jvmstat jdk.attach jdk.charsets jdk.internal.opt jdk.zipfs jdk.compiler jdk.crypto.cryptoki jdk.crypto.ec jdk.dynalink jdk.internal.ed jdk.editpad jdk.internal.vm.ci jdk.graal.compiler jdk.graal.compiler.management jdk.hotspot.agent jdk.httpserver jdk.incubator.vector jdk.internal.le jdk.internal.md jdk.jartool jdk.javadoc jdk.jcmd jdk.management jdk.management.agent jdk.jconsole jdk.jdeps jdk.jdwp.agent jdk.jdi jdk.jfr jdk.jlink jdk.jpackage jdk.jshell jdk.jsobject jdk.jstatd jdk.localedata jdk.management.jfr jdk.naming.dns jdk.naming.rmi jdk.net jdk.nio.mapmode jdk.sctp jdk.security.auth jdk.security.jgss jdk.unsupported jdk.unsupported.desktop jdk.xml.dom"
OS_ARCH="x86_64"
OS_NAME="Linux"
SOURCE=".:git:cda0a1776184"
BUILD_SOURCE="git:a612825ee82a20ac872d60958c349854c1f29a8e"
BUILD_SOURCE_REPO="https://github.com/adoptium/temurin-build.git"
SOURCE_REPO="https://github.com/adoptium/jdk25u.git"
FULL_VERSION="25.0.3+9-LTS"
SEMANTIC_VERSION="25.0.3+9"
BUILD_INFO="OS: Linux Version: 6.8.0-1051-azure"
JVM_VARIANT="Hotspot"
JVM_VERSION="25.0.3+9-LTS"
IMAGE_TYPE="JDK"

Environment Variables:
PATH=/home/abhimanyu/.local/bin:/home/abhimanyu/.local/bin:/home/abhimanyu/.local/bin:/home/abhimanyu/.bun/bin:/home/abhimanyu/flutter/flutter/bin:/home/abhimanyu/.nvm/versions/node/v24.14.0/bin:/home/abhimanyu/.opencode/bin:/home/abhimanyu/.local/bin:/home/abhimanyu/.local/bin:/home/abhimanyu/.local/bin:/home/abhimanyu/.cargo/bin:/home/abhimanyu/.local/bin:/usr/local/sbin:/usr/local/bin:/usr/sbin:/usr/bin:/sbin:/bin:/usr/games:/usr/local/games:/snap/bin:/home/abhimanyu/.dotnet/tools
SHELL=/bin/bash
LANG=en_IN.UTF-8
TERM=dumb
TMP=/tmp

Active Locale:
LC_ALL=en_IN.UTF-8
LC_COLLATE=en_IN.UTF-8
LC_CTYPE=en_IN.UTF-8
LC_MESSAGES=en_IN.UTF-8
LC_MONETARY=en_IN.UTF-8
LC_NUMERIC=en_IN.UTF-8
LC_TIME=en_IN.UTF-8

Signal Handlers:
   SIGSEGV: crash_handler in libjvm.so, mask=11100100010111111101111111111110, flags=SA_RESTART|SA_SIGINFO, unblocked
    SIGBUS: crash_handler in libjvm.so, mask=11100100010111111101111111111110, flags=SA_RESTART|SA_SIGINFO, unblocked
    SIGFPE: crash_handler in libjvm.so, mask=11100100010111111101111111111110, flags=SA_RESTART|SA_SIGINFO, unblocked
   SIGPIPE: javaSignalHandler in libjvm.so, mask=11100100010111111101111111111110, flags=SA_RESTART|SA_SIGINFO, blocked
   SIGXFSZ: javaSignalHandler in libjvm.so, mask=11100100010111111101111111111110, flags=SA_RESTART|SA_SIGINFO, blocked
    SIGILL: crash_handler in libjvm.so, mask=11100100010111111101111111111110, flags=SA_RESTART|SA_SIGINFO, unblocked
   SIGUSR2: SR_handler in libjvm.so, mask=00000000000000000000000000000000, flags=SA_RESTART|SA_SIGINFO, blocked
    SIGHUP: SIG_IGN, mask=00000000000000000000000000000000, flags=none, blocked
    SIGINT: UserHandler in libjvm.so, mask=11100100010111111101111111111110, flags=SA_RESTART|SA_SIGINFO, blocked
   SIGTERM: UserHandler in libjvm.so, mask=11100100010111111101111111111110, flags=SA_RESTART|SA_SIGINFO, blocked
   SIGQUIT: UserHandler in libjvm.so, mask=11100100010111111101111111111110, flags=SA_RESTART|SA_SIGINFO, blocked
   SIGTRAP: crash_handler in libjvm.so, mask=11100100010111111101111111111110, flags=SA_RESTART|SA_SIGINFO, unblocked


Compilation memory statistics disabled.

Periodic native trim disabled

---------------  S Y S T E M  ---------------

OS:
DISTRIB_ID=Pop
DISTRIB_RELEASE=24.04
DISTRIB_CODENAME=noble
DISTRIB_DESCRIPTION="Pop!_OS 24.04 LTS"
uname: Linux 7.0.11-76070011-generic #202606011647~1784215097~24.04~4974880 SMP PREEMPT_DYNAMIC Thu J x86_64
OS uptime: 0 days 2:38 hours
libc: glibc 2.39 NPTL 2.39 
rlimit (soft/hard): STACK 8192k/8192k , CORE 0k/0k , NPROC 54002/54002 , NOFILE 64000/64000 , AS infinity/infinity , CPU infinity/infinity , DATA infinity/infinity , FSIZE infinity/infinity , MEMLOCK 1999752k/1999752k
load average: 1.68 1.96 2.09

/proc/meminfo:
MemTotal:       15998032 kB
MemFree:          873012 kB
MemAvailable:    2973884 kB
Buffers:          437236 kB
Cached:          3016432 kB
SwapCached:         1080 kB
Active:          4001696 kB
Inactive:        8061964 kB
Active(anon):    3492820 kB
Inactive(anon):  5674548 kB
Active(file):     508876 kB
Inactive(file):  2387416 kB
Unevictable:      245300 kB
Mlocked:            7848 kB
SwapTotal:      20191732 kB
SwapFree:       15389412 kB
Zswap:                 0 kB
Zswapped:              0 kB
Dirty:             11496 kB
Writeback:             0 kB
AnonPages:       8854940 kB
Mapped:          1347824 kB
Shmem:            551472 kB
KReclaimable:     390784 kB
Slab:             690244 kB
SReclaimable:     390784 kB
SUnreclaim:       299460 kB
KernelStack:       37872 kB
PageTables:       136128 kB
SecPageTables:      4952 kB
NFS_Unstable:          0 kB
Bounce:                0 kB
WritebackTmp:          0 kB
CommitLimit:    28190748 kB
Committed_AS:   37793292 kB
VmallocTotal:   34359738367 kB
VmallocUsed:      206208 kB
VmallocChunk:          0 kB
Percpu:            12288 kB
HardwareCorrupted:     0 kB
AnonHugePages:     18432 kB
ShmemHugePages:   411648 kB
ShmemPmdMapped:        0 kB
FileHugePages:    147456 kB
FilePmdMapped:     24576 kB
CmaTotal:              0 kB
CmaFree:          132496 kB
Unaccepted:            0 kB
Balloon:               0 kB
HugePages_Total:       0
HugePages_Free:        0
HugePages_Rsvd:        0
HugePages_Surp:        0
Hugepagesize:       2048 kB
Hugetlb:               0 kB
DirectMap4k:      349056 kB
DirectMap2M:    10817536 kB
DirectMap1G:     5242880 kB

/sys/kernel/mm/transparent_hugepage/enabled: <Not Available>
/sys/kernel/mm/transparent_hugepage/hpage_pmd_size: <Not Available>
/sys/kernel/mm/transparent_hugepage/shmem_enabled: <Not Available>
/sys/kernel/mm/transparent_hugepage/defrag (defrag/compaction efforts parameter): <Not Available>

Process Memory:
Virtual Size: 10410588K (peak: 10522228K)
Resident Set Size: 1699836K (peak: 1798504K) (anon: 1667144K, file: 31828K, shmem: 864K)
Swapped out: 0K
C-Heap outstanding allocations: 200092K, retained: 294135K
glibc malloc tunables: (default)

/proc/sys/kernel/threads-max (system-wide limit on the number of threads): 108004
/proc/sys/vm/max_map_count (maximum number of memory map areas a process may have): 2147483642
/proc/sys/vm/swappiness (control to define how aggressively the kernel swaps out anonymous memory): 180
/proc/sys/kernel/pid_max (system-wide limit on number of process identifiers): 4194304

container information not found.
Steal ticks since vm start: 0
Steal ticks percentage since vm start:  0.000

CPU: total 12 (initial active 12) (6 cores per cpu, 2 threads per core) family 6 model 154 stepping 3 microcode 0x43b, cx8, cmov, fxsr, ht, mmx, 3dnowpref, sse, sse2, sse3, ssse3, sse4.1, sse4.2, popcnt, lzcnt, tsc, tscinvbit, avx, avx2, aes, erms, clmul, bmi1, bmi2, adx, sha, fma, vzeroupper, clflush, clflushopt, clwb, serialize, rdtscp, rdpid, fsrm, gfni, f16c, pku, ospke, cet_ibt, cet_ss
CPU Model and flags from /proc/cpuinfo:
model name	: 12th Gen Intel(R) Core(TM) i5-12450H
flags		: fpu vme de pse tsc msr pae mce cx8 apic sep mtrr pge mca cmov pat pse36 clflush dts acpi mmx fxsr sse sse2 ss ht tm pbe syscall nx pdpe1gb rdtscp lm constant_tsc art arch_perfmon pebs bts rep_good nopl xtopology nonstop_tsc cpuid aperfmperf tsc_known_freq pni pclmulqdq dtes64 monitor ds_cpl vmx smx est tm2 ssse3 sdbg fma cx16 xtpr pdcm pcid sse4_1 sse4_2 x2apic movbe popcnt tsc_deadline_timer aes xsave avx f16c rdrand lahf_lm abm 3dnowprefetch cpuid_fault epb ssbd ibrs ibpb stibp ibrs_enhanced tpr_shadow flexpriority ept vpid ept_ad fsgsbase tsc_adjust bmi1 avx2 smep bmi2 erms invpcid rdseed adx smap clflushopt clwb intel_pt sha_ni xsaveopt xsavec xgetbv1 xsaves split_lock_detect user_shstk avx_vnni dtherm ida arat pln pts hwp hwp_notify hwp_act_window hwp_epp hwp_pkg_req hfi vnmi umip pku ospke waitpkg gfni vaes vpclmulqdq rdpid movdiri movdir64b fsrm md_clear serialize arch_lbr ibt flush_l1d arch_capabilities

Online cpus: 0-11
Offline cpus: 
BIOS frequency limitation: <Not Available>
Frequency switch latency (ns): 0
Available cpu frequencies: <Not Available>
Current governor: powersave
Core performance/turbo boost: <Not Available>

Memory: 4k page, physical 15998032k(2973884k free), swap 20191732k(15389412k free)
Page Sizes: 4k

vm_info: OpenJDK 64-Bit Server VM (25.0.3+9-LTS) for linux-amd64 JRE (25.0.3+9-LTS), built on 2026-04-21T00:00:00Z with gcc 14.2.0

END.
